{"mark": {"entropy": 3.492565346990468, "non_null": 4.52462800824005e-05}}