{"mark": {"entropy": 5.9656616561122, "non_null": 2.7922109069322687e-12}}