{"mark": {"entropy": 4.885697668823218, "non_null": 3.8858917528195036e-08}}