{"mark": {"entropy": 4.105203999877561, "non_null": 2.474187514756032e-06}}