{"mark": {"entropy": 3.5072562860097354, "non_null": 4.2779874072862434e-05}}