{"mark": {"entropy": 4.796880476819603, "non_null": 1.0263601901705499e-07}}