{"mark": {"entropy": 2.2231088099085383, "non_null": 0.0024577044258429215}}