{"mark": {"entropy": 4.508226629565412, "non_null": 2.613085134939297e-07}}