{"mark": {"entropy": 5.988393536362553, "non_null": 5.775380174100064e-12}}