{"mark": {"entropy": 4.237611972192824, "non_null": 5.059954970576541e-07}}