{"mark": {"entropy": 5.397257002517197, "non_null": 4.5746173515937016e-10}}