{"mark": {"entropy": 1.5917301716804726, "non_null": 0.02853423540216482}}