{"mark": {"entropy": 5.4758992366844055, "non_null": 2.2565593837953202e-10}}