{"mark": {"entropy": 5.548681083758201, "non_null": 1.8904400267416577e-10}}