{"mark": {"entropy": 0.9981140500240087, "non_null": 0.17830900510265302}}