{"mark": {"entropy": 3.948889251356456, "non_null": 3.1292665225723937e-06}}