{"mark": {"entropy": 2.811886754912492, "non_null": 0.00044129985933705207}}