{"mark": {"entropy": 6.621120905303812, "non_null": 2.55351295663786e-15}}