{"mark": {"entropy": 1.404442895465086, "non_null": 0.06931659552039693}}