{"mark": {"entropy": 5.42850972022084, "non_null": 2.8141533547909603e-10}}