{"mark": {"entropy": 3.570362812499186, "non_null": 1.725368911009717e-05}}