{"mark": {"entropy": 1.5765786786947111, "non_null": 0.04462562067325504}}