{"mark": {"entropy": 2.5636440425717275, "non_null": 0.0013482610872446177}}