{"mark": {"entropy": 1.6020247736378006, "non_null": 0.04043081995353692}}