{"mark": {"entropy": 5.1534490311125944, "non_null": 6.715125344669559e-09}}