{"mark": {"entropy": 5.791312167595185, "non_null": 2.7478463948682474e-11}}