{"mark": {"entropy": 4.528380944774842, "non_null": 1.9804446182991597e-07}}