{"mark": {"entropy": 4.73316580501106, "non_null": 1.1869821503474043e-07}}