{"mark": {"entropy": 3.986195394896852, "non_null": 2.593934053551905e-06}}