{"mark": {"entropy": 2.2238552750282756, "non_null": 0.004754272538853854}}