{"mark": {"entropy": 5.634458488511832, "non_null": 5.7487348215090606e-11}}