{"mark": {"entropy": 1.2771232700107076, "non_null": 0.13281552746326464}}