{"mark": {"entropy": 6.210430656075826, "non_null": 1.6342482922482304e-13}}