{"mark": {"entropy": 3.515893828374671, "non_null": 4.379892548189712e-05}}