{"mark": {"entropy": 2.5869514674481042, "non_null": 0.0011005166436929281}}