{"mark": {"entropy": 6.214325788080956, "non_null": 7.249756350802272e-13}}