{"mark": {"entropy": 6.33300751285247, "non_null": 6.272760089132134e-14}}