{"mark": {"entropy": 6.238749926007695, "non_null": 5.796474411567942e-13}}