{"mark": {"entropy": 4.858730962794261, "non_null": 1.4268959014351879e-08}}