{"mark": {"entropy": 6.203429565552868, "non_null": 2.0050627824730327e-13}}