{"mark": {"entropy": 6.001212050103723, "non_null": 7.1492811670736955e-12}}