{"mark": {"entropy": 3.9541797262741323, "non_null": 2.98971416734517e-06}}