{"mark": {"entropy": 3.510443965829431, "non_null": 4.172764880738811e-05}}