{"mark": {"entropy": 2.9146269885460656, "non_null": 0.0002957260952090035}}