{"mark": {"entropy": 6.527082786002422, "non_null": 2.475797344914099e-14}}