{"mark": {"entropy": 0.9923552810391085, "non_null": 0.2121262410401673}}