{"mark": {"entropy": 1.6688184143920965, "non_null": 0.029487543845186925}}