{"mark": {"entropy": 5.919802660641524, "non_null": 7.435607685124523e-12}}