{"mark": {"entropy": 6.255460262535696, "non_null": 1.553202011450594e-13}}