{"mark": {"entropy": 3.85696267962157, "non_null": 8.267131213601786e-06}}