{"mark": {"entropy": 3.272500748121237, "non_null": 0.00011380518710268905}}