{"mark": {"entropy": 2.844029177135182, "non_null": 0.0003254898745186363}}