{"mark": {"entropy": 1.0333443244426328, "non_null": 0.1982632856553217}}