{"mark": {"entropy": 5.414909226767309, "non_null": 3.685312055523582e-10}}