{"mark": {"entropy": 2.5066581439156455, "non_null": 0.0014315841695750064}}