{"mark": {"entropy": 4.187263468718355, "non_null": 1.51478507215419e-06}}