{"mark": {"entropy": 2.4316620605910506, "non_null": 0.0015834168887600697}}