{"mark": {"entropy": 5.9745928801795, "non_null": 2.1483925749521404e-12}}