{"mark": {"entropy": 5.731307974156237, "non_null": 3.4733438347700485e-11}}