{"mark": {"entropy": 2.1840511305857855, "non_null": 0.0036537996091750014}}