{"mark": {"entropy": 6.793210715793851, "non_null": 2.220446049250313e-16}}