{"mark": {"entropy": 4.098704294668199, "non_null": 2.3559721845645143e-06}}