{"mark": {"entropy": 2.98942748131363, "non_null": 0.00026041524166009467}}