{"mark": {"entropy": 1.0290279717958486, "non_null": 0.14744142538892246}}