{"mark": {"entropy": 3.498923356951031, "non_null": 2.6636984421068988e-05}}