{"mark": {"entropy": 3.4865277025603727, "non_null": 4.7167322631547215e-05}}