{"mark": {"entropy": 1.5955250684284394, "non_null": 0.039547245292310906}}