{"mark": {"entropy": 2.5711815492246064, "non_null": 0.0007529600432837347}}