{"mark": {"entropy": 5.705286650718368, "non_null": 4.0415892854639424e-11}}