{"mark": {"entropy": 1.4333675522031575, "non_null": 0.05465486150988075}}