{"mark": {"entropy": 5.235060282842758, "non_null": 1.5996244329130604e-09}}