{"mark": {"entropy": 2.5862544317364495, "non_null": 0.0012365423755642535}}