{"mark": {"entropy": 6.667105428643673, "non_null": 3.4416913763379853e-15}}