{"mark": {"entropy": 6.442446759299795, "non_null": 4.007905118896815e-14}}