{"mark": {"entropy": 5.202790583401784, "non_null": 3.1624393104223714e-09}}