{"mark": {"entropy": 6.884480700681337, "non_null": 2.220446049250313e-16}}