{"mark": {"entropy": 6.736050450152098, "non_null": 1.4432899320127035e-15}}