{"mark": {"entropy": 4.838049739324719, "non_null": 4.744399628719975e-08}}