{"mark": {"entropy": 0.7458146561949791, "non_null": 0.26386364298339793}}