{"mark": {"entropy": 4.508414616243264, "non_null": 2.358162468629743e-07}}