{"mark": {"entropy": 0.8236772517382365, "non_null": 0.24362126932061368}}