{"mark": {"entropy": 2.223401974205247, "non_null": 0.004431216978506458}}