{"mark": {"entropy": 3.9029126692647527, "non_null": 4.459528622602349e-06}}