{"mark": {"entropy": 2.8528370223817214, "non_null": 0.00030758325558832844}}