{"mark": {"entropy": 3.406138608835043, "non_null": 8.726419108184835e-05}}