{"mark": {"entropy": 1.9307474511666651, "non_null": 0.016981345062055064}}