{"mark": {"entropy": 3.085255379814437, "non_null": 0.00019617167871643915}}