{"mark": {"entropy": 2.1323060453349836, "non_null": 0.007757998938680455}}