{"mark": {"entropy": 1.9767125157481065, "non_null": 0.010559177972575773}}