{"mark": {"entropy": 6.813891549046217, "non_null": 6.661338147750939e-16}}