{"mark": {"entropy": 2.5804517622387433, "non_null": 0.001063399402434162}}