{"mark": {"entropy": 0.7453122441871013, "non_null": 0.2697738906851348}}