{"mark": {"entropy": 4.046974096207166, "non_null": 2.369234653132324e-06}}