{"mark": {"entropy": 5.3663250446149675, "non_null": 5.446754158811018e-10}}