{"mark": {"entropy": 1.0326155433549484, "non_null": 0.18414296923305273}}