{"mark": {"entropy": 4.582805094182897, "non_null": 1.6888436871198564e-07}}