{"mark": {"entropy": 0.6592666140115748, "non_null": 0.3369135776219685}}