{"mark": {"entropy": 2.166702356004454, "non_null": 0.007569187624268947}}