{"mark": {"entropy": 1.4962897055530275, "non_null": 0.057733836052637266}}