{"mark": {"entropy": 6.830885138006824, "non_null": 8.881784197001252e-16}}