{"mark": {"entropy": 1.3800371404539737, "non_null": 0.11990855621451846}}