{"mark": {"entropy": 3.646914426565049, "non_null": 1.3351121125104726e-05}}