{"mark": {"entropy": 4.790380771610242, "non_null": 9.712642801140703e-08}}