{"mark": {"entropy": 2.7680520492081953, "non_null": 0.000470715617315709}}