{"mark": {"entropy": 0.9897124920260268, "non_null": 0.21995373058016032}}