{"mark": {"entropy": 4.37936948529104, "non_null": 4.03793356640314e-07}}