{"mark": {"entropy": 5.981048380580827, "non_null": 6.764699911343541e-12}}