{"mark": {"entropy": 6.252794011461573, "non_null": 1.6120438317557273e-13}}