{"mark": {"entropy": 5.34525351157796, "non_null": 5.467069019715609e-10}}