{"mark": {"entropy": 5.641765410109179, "non_null": 4.602318526281124e-11}}