{"mark": {"entropy": 2.823192502229616, "non_null": 0.00035231728472218116}}