{"mark": {"entropy": 1.6535942743633836, "non_null": 0.030757222819708163}}