{"mark": {"entropy": 2.3508148927027976, "non_null": 0.0025527803514302505}}