{"mark": {"entropy": 1.8633268357485286, "non_null": 0.017788683843900976}}