{"mark": {"entropy": 6.03322184315841, "non_null": 1.887601186467691e-12}}