{"mark": {"entropy": 5.959161950902839, "non_null": 2.5979218776228663e-12}}