{"mark": {"entropy": 1.8173229880104933, "non_null": 0.018782656222285143}}