{"mark": {"entropy": 6.626873040116389, "non_null": 1.4432899320127035e-14}}