{"mark": {"entropy": 1.4147568626519011, "non_null": 0.0806826978686368}}