{"mark": {"entropy": 6.508959923908732, "non_null": 2.020605904817785e-14}}