{"mark": {"entropy": 2.1985527821509754, "non_null": 0.0049739798395780355}}