{"mark": {"entropy": 6.840257628520824, "non_null": 1.1102230246251565e-16}}