{"mark": {"entropy": 4.307596753133984, "non_null": 4.606395285211562e-07}}