{"mark": {"entropy": 3.4572364251874257, "non_null": 7.826431498614284e-05}}