{"mark": {"entropy": 4.917461094060148, "non_null": 1.681691619292991e-08}}