{"mark": {"entropy": 3.111270266483398, "non_null": 0.00012054438601727391}}