{"mark": {"entropy": 0.8985881498405983, "non_null": 0.23730573647412856}}