{"mark": {"entropy": 0.7523143614043404, "non_null": 0.2672264126405336}}