{"mark": {"entropy": 6.581122593132802, "non_null": 1.6653345369377348e-14}}