{"mark": {"entropy": 6.454764165170024, "non_null": 3.985700658404312e-14}}