{"mark": {"entropy": 5.913302955432163, "non_null": 6.927902695963439e-12}}