{"mark": {"entropy": 2.6227058600399022, "non_null": 0.0006491760865097174}}