{"mark": {"entropy": 5.414830283224662, "non_null": 3.227590417154147e-10}}