{"mark": {"entropy": 1.425290698923872, "non_null": 0.08123392737246538}}