{"mark": {"entropy": 2.276143360052009, "non_null": 0.002712417711462356}}