{"mark": {"entropy": 1.0069128640637586, "non_null": 0.19754176713403138}}