{"mark": {"entropy": 1.4149118253252468, "non_null": 0.08454767142193886}}