{"mark": {"entropy": 4.180947570417227, "non_null": 1.6124272428363895e-06}}