{"mark": {"entropy": 0.6921535444713542, "non_null": 0.29083725889102885}}