{"mark": {"entropy": 6.448946464509156, "non_null": 4.3298697960381105e-14}}