{"mark": {"entropy": 5.355479360479768, "non_null": 4.663319730369153e-10}}