{"mark": {"entropy": 1.5626887486629166, "non_null": 0.0574266627631832}}