{"mark": {"entropy": 1.2334400127104261, "non_null": 0.14022677282739238}}