{"mark": {"entropy": 3.981135149007964, "non_null": 2.5629856410525065e-06}}