{"mark": {"entropy": 5.0137234822079435, "non_null": 8.825821184998972e-09}}