{"mark": {"entropy": 0.9608682544044314, "non_null": 0.2304396349130754}}