{"mark": {"entropy": 5.655512756580789, "non_null": 1.390070281104272e-10}}