{"mark": {"entropy": 1.1597536679103382, "non_null": 0.14460756905488925}}