{"mark": {"entropy": 2.2002135980705178, "non_null": 0.0033409381202597066}}