{"mark": {"entropy": 1.3143907559518582, "non_null": 0.11877929755626371}}