{"mark": {"entropy": 0.7675328825871219, "non_null": 0.25436038290718666}}