{"mark": {"entropy": 6.824385432797463, "non_null": 7.771561172376096e-16}}