{"mark": {"entropy": 1.4405289251900877, "non_null": 0.07731034491796862}}