{"mark": {"entropy": 4.944355567278636, "non_null": 1.3053584657640727e-08}}