{"mark": {"entropy": 4.863043651051534, "non_null": 4.253647645224845e-08}}