{"mark": {"entropy": 5.860767359475892, "non_null": 1.540756411344546e-11}}