{"mark": {"entropy": 3.4987937396789355, "non_null": 2.34117181856508e-05}}