{"mark": {"entropy": 6.451798583970301, "non_null": 4.118927421359331e-14}}