{"mark": {"entropy": 6.258133266893427, "non_null": 2.2160051571518125e-13}}