{"mark": {"entropy": 3.5899808386389456, "non_null": 1.080555728516508e-05}}