{"mark": {"entropy": 1.9175794984980952, "non_null": 0.01328628898685913}}