{"mark": {"entropy": 1.0004131588543974, "non_null": 0.19470424650520002}}