{"mark": {"entropy": 4.023648303616008, "non_null": 2.6472700324076115e-06}}