{"mark": {"entropy": 6.259293716670935, "non_null": 1.7386092565629951e-13}}