{"mark": {"entropy": 3.2381343977004238, "non_null": 0.00012338284315194237}}