{"mark": {"entropy": 2.1602026507950924, "non_null": 0.00735771680482411}}