{"mark": {"entropy": 5.182494071696552, "non_null": 1.187695830573432e-09}}