{"mark": {"entropy": 5.652650051456051, "non_null": 3.372480072982853e-11}}