{"mark": {"entropy": 4.8688060323023095, "non_null": 3.9131408891002195e-08}}