{"mark": {"entropy": 4.87223490522684, "non_null": 3.4617418265270317e-08}}