{"mark": {"entropy": 3.338699005925276, "non_null": 0.00010436142755054778}}