{"mark": {"entropy": 3.5615659604072056, "non_null": 1.8614522581561488e-05}}