{"mark": {"entropy": 6.372964511308959, "non_null": 5.229150445984487e-14}}