{"mark": {"entropy": 1.5648074582488367, "non_null": 0.036855183438233796}}