{"mark": {"entropy": 1.4148772744228448, "non_null": 0.09526806343751959}}