{"mark": {"entropy": 3.7158535254001643, "non_null": 1.0742520038187209e-05}}