{"mark": {"entropy": 1.0929343465479948, "non_null": 0.15226096398548217}}