{"mark": {"entropy": 2.8593367275910824, "non_null": 0.00031940002899766284}}