{"mark": {"entropy": 6.245249631217056, "non_null": 6.24389429049188e-13}}