{"mark": {"entropy": 2.1300212355602715, "non_null": 0.0082867125740278}}