{"mark": {"entropy": 2.2072483532879206, "non_null": 0.00512166621132959}}