{"mark": {"entropy": 2.686671566917447, "non_null": 0.0005566578567870462}}