{"mark": {"entropy": 2.6966923603140622, "non_null": 0.0005233276937109954}}