{"mark": {"entropy": 6.639268048184205, "non_null": 1.1324274851176597e-14}}