{"mark": {"entropy": 4.658500863320135, "non_null": 1.3074727922557372e-07}}