{"mark": {"entropy": 3.0822311507701325, "non_null": 0.00021882040386000945}}