{"mark": {"entropy": 6.78671101058449, "non_null": 2.220446049250313e-16}}