{"mark": {"entropy": 2.216609104699177, "non_null": 0.0023804484064633424}}