{"mark": {"entropy": 5.189781131018128, "non_null": 3.708324758378012e-09}}