{"mark": {"entropy": 6.616023192876085, "non_null": 2.9976021664879227e-15}}