{"mark": {"entropy": 6.199518153031633, "non_null": 5.579980921766037e-13}}