{"mark": {"entropy": 3.7889609446910404, "non_null": 9.683885092370836e-06}}