{"mark": {"entropy": 6.082596087443621, "non_null": 2.58792987040124e-12}}