{"mark": {"entropy": 6.615954796022761, "non_null": 3.774758283725532e-15}}