{"mark": {"entropy": 5.2116832781441005, "non_null": 3.520518321309396e-09}}