{"mark": {"entropy": 3.052433469891382, "non_null": 0.00023409900564885788}}