{"mark": {"entropy": 4.843883725619445, "non_null": 2.0734893579898994e-08}}