{"mark": {"entropy": 6.1519665482900265, "non_null": 1.3281598043590748e-12}}