{"mark": {"entropy": 2.001624208478096, "non_null": 0.007900221007369312}}