{"mark": {"entropy": 1.8238226932198545, "non_null": 0.0192584800594362}}