{"mark": {"entropy": 4.863380290882699, "non_null": 1.2681948380333097e-08}}