{"mark": {"entropy": 3.090393368701589, "non_null": 0.00017226137308568035}}