{"mark": {"entropy": 3.5638631072898246, "non_null": 1.6498224430505637e-05}}