{"mark": {"entropy": 2.3945489195887477, "non_null": 0.0015717555683505413}}