{"mark": {"entropy": 1.0398440296519942, "non_null": 0.2011319360499162}}