{"mark": {"entropy": 4.396218773528678, "non_null": 2.7439074556934173e-07}}