{"mark": {"entropy": 2.6931712721268077, "non_null": 0.0005771278179296235}}