{"mark": {"entropy": 6.145466843080666, "non_null": 1.234345958778249e-12}}