{"mark": {"entropy": 4.1691623169770065, "non_null": 8.234591599709518e-07}}