{"mark": {"entropy": 3.5132377725442803, "non_null": 2.0276623610371303e-05}}