{"mark": {"entropy": 1.409271465929726, "non_null": 0.08665791270940426}}