{"mark": {"entropy": 4.4965512854794785, "non_null": 2.9483721297740573e-07}}