{"mark": {"entropy": 2.344315187493436, "non_null": 0.0024728219829235343}}