{"mark": {"entropy": 5.169636242929007, "non_null": 1.6744130526546996e-09}}