{"mark": {"entropy": 3.3321993007159145, "non_null": 0.00010021491690248574}}