{"mark": {"entropy": 1.9705322091402842, "non_null": 0.011584626616557347}}