{"mark": {"entropy": 4.156518577270919, "non_null": 1.9896445546674357e-06}}