{"mark": {"entropy": 6.007711755313084, "non_null": 7.672973367789382e-12}}