{"mark": {"entropy": 5.079281325309093, "non_null": 7.457496065121916e-09}}