{"mark": {"entropy": 6.811777364457995, "non_null": 8.881784197001252e-16}}