{"mark": {"entropy": 1.888516807859482, "non_null": 0.01596857530271767}}