{"mark": {"entropy": 2.5808040395804337, "non_null": 0.0006958639339356143}}