{"mark": {"entropy": 2.4560864283221253, "non_null": 0.0014128793923312566}}