{"mark": {"entropy": 6.7929569458127474, "non_null": 6.661338147750939e-16}}