{"mark": {"entropy": 3.1695369158485907, "non_null": 0.00014381523840922839}}