{"mark": {"entropy": 3.463068576024003, "non_null": 7.490491909034613e-05}}