{"mark": {"entropy": 0.7350236260170734, "non_null": 0.27912405325371115}}