{"mark": {"entropy": 1.9538958105738127, "non_null": 0.012459568575282631}}