{"mark": {"entropy": 4.187706275811051, "non_null": 6.982680127443075e-07}}