{"mark": {"entropy": 4.950855272487998, "non_null": 1.3843739599117555e-08}}