{"mark": {"entropy": 6.5102733157574075, "non_null": 1.8096635301390052e-14}}