{"mark": {"entropy": 5.654290233727794, "non_null": 2.9500180076524884e-11}}