{"mark": {"entropy": 1.8907319742568396, "non_null": 0.0173577517345348}}