{"mark": {"entropy": 3.571120457754212, "non_null": 1.5650852208226596e-05}}