{"mark": {"entropy": 6.789986202423146, "non_null": 2.220446049250313e-16}}