{"mark": {"entropy": 4.196681397511778, "non_null": 5.931947122395087e-07}}