{"mark": {"entropy": 4.451756242329886, "non_null": 3.535074881710898e-07}}