{"mark": {"entropy": 3.946938718886961, "non_null": 3.6265309508731747e-06}}