{"mark": {"entropy": 5.3045146255753135, "non_null": 9.987287663548727e-10}}