{"mark": {"entropy": 4.878734610436202, "non_null": 3.6649767665153377e-08}}