{"mark": {"entropy": 1.7180779600626772, "non_null": 0.02742244367562774}}