{"mark": {"entropy": 3.940205457478367, "non_null": 3.953431676473329e-06}}