{"mark": {"entropy": 4.5893047993922576, "non_null": 1.782806976491358e-07}}