{"mark": {"entropy": 2.062358334335603, "non_null": 0.00876256356824745}}