{"mark": {"entropy": 2.393200191241527, "non_null": 0.0016492859551067163}}