{"mark": {"entropy": 5.617243372206719, "non_null": 1.6837642391465124e-10}}