{"mark": {"entropy": 6.226069441667467, "non_null": 5.520028878436278e-13}}