{"mark": {"entropy": 4.180031139519709, "non_null": 1.7676555825740792e-06}}