{"mark": {"entropy": 4.179306002057317, "non_null": 7.56838701043705e-07}}