{"mark": {"entropy": 4.174705644135689, "non_null": 7.817590044201239e-07}}