{"mark": {"entropy": 3.50939412316531, "non_null": 4.197094252689215e-05}}