{"mark": {"entropy": 1.5994587677524106, "non_null": 0.04336650785446994}}