{"mark": {"entropy": 2.822859811341921, "non_null": 0.0003995790238310315}}