{"mark": {"entropy": 1.2269403075010648, "non_null": 0.13795415349940998}}