{"mark": {"entropy": 1.7851495786652511, "non_null": 0.02670872420399828}}