{"mark": {"entropy": 0.9980037107129668, "non_null": 0.20689135110503643}}