{"mark": {"entropy": 0.9962121972353881, "non_null": 0.2230021074187707}}