{"mark": {"entropy": 4.183565643845505, "non_null": 7.253396874240536e-07}}