{"mark": {"entropy": 6.324660564570298, "non_null": 7.249756350802272e-14}}