{"classifier": {"time": 101.3976253246347}, "model": {"auc": 0.9999999245365442, "fullscore": 0.9999998041326658}}