{"classifier": {"time": 11.457661848591888}, "model": {"auc": 0.9920618479661705, "fullscore": 0.993336334597778}}