{"classifier": {"time": 18.35363103949042}, "model": {"auc": 0.9984207930487637, "fullscore": 0.9983138495463344}}