{"classifier": {"time": 8.42239686982876}, "model": {"auc": 0.9725009781269562, "fullscore": 0.9743813792478424}}