{"classifier": {"time": 887.5775865034997}, "model": {"auc": 0.9999999999999895, "fullscore": 0.999999999999619}}