{"classifier": {"time": 144.7542331541086}, "model": {"auc": 0.9999999964097557, "fullscore": 0.9999999825176247}}