{"classifier": {"time": 1.9939011751780118}, "model": {"auc": 0.6854344705839562, "fullscore": 0.7457031511616297}}