{"classifier": {"time": 3.4981237480272633}, "model": {"auc": 0.8295452029015853, "fullscore": 0.8682559190948652}}