{"classifier": {"time": 1230.8831124139613}, "model": {"auc": 0.9999999999999994, "fullscore": 0.999999999999917}}