{"classifier": {"time": 102.53534602262937}, "model": {"auc": 0.9999999479500999, "fullscore": 0.9999998592056485}}