{"classifier": {"time": 416.23141897860165}, "model": {"auc": 0.9999999999967722, "fullscore": 0.9999999999088233}}