{"classifier": {"time": 33.79441497687282}, "model": {"auc": 0.9999100705436408, "fullscore": 0.999903313383449}}