{"classifier": {"time": 681.1189958644482}, "model": {"auc": 0.9999999999999472, "fullscore": 0.9999999999988163}}