{"classifier": {"time": 16.36636383917256}, "model": {"auc": 0.9976037044935324, "fullscore": 0.9978814757384151}}