{"classifier": {"time": 512.2369652588246}, "model": {"auc": 0.9999999999990773, "fullscore": 0.9999999999856217}}