{"classifier": {"time": 80.36397982342007}, "model": {"auc": 0.999999579626487, "fullscore": 0.9999992196637137}}