{"classifier": {"time": 11.829809789543432}, "model": {"auc": 0.9923545157363114, "fullscore": 0.9930073921842686}}