{"classifier": {"time": 175.6004159878814}, "model": {"auc": 0.9999999987147186, "fullscore": 0.9999999939617066}}