{"classifier": {"time": 25.524702836824737}, "model": {"auc": 0.9995546591142399, "fullscore": 0.9995655020665887}}