{"classifier": {"time": 31.79653201386053}, "model": {"auc": 0.9999009211100236, "fullscore": 0.9998613605972622}}