{"classifier": {"time": 128.6200796600079}, "model": {"auc": 0.9999999911818518, "fullscore": 0.9999999763378353}}