{"classifier": {"time": 52.94098763922793}, "model": {"auc": 0.9999957474641306, "fullscore": 0.999991667005988}}