{"classifier": {"time": 743.7650293946883}, "model": {"auc": 0.9999999999999419, "fullscore": 0.999999999999164}}