{"classifier": {"time": 4.659592501293367}, "model": {"auc": 0.8869892189842037, "fullscore": 0.9229878868247217}}