{"classifier": {"time": 473.6271847218527}, "model": {"auc": 0.9999999999991998, "fullscore": 0.9999999999808058}}