{"classifier": {"time": 2833.5770047297615}, "model": {"auc": 1.0, "fullscore": 0.9999999999999996}}