{"classifier": {"time": 620.781278652568}, "model": {"auc": 0.9999999999998935, "fullscore": 0.9999999999915531}}