{"classifier": {"time": 10.893924285102985}, "model": {"auc": 0.9862149885134065, "fullscore": 0.9867384674529309}}