{"classifier": {"time": 4.8023980762018725}, "model": {"auc": 0.916568823166691, "fullscore": 0.9257518799176379}}