{"classifier": {"time": 8.471789827951627}, "model": {"auc": 0.9756899638314109, "fullscore": 0.9806123574751138}}