{"classifier": {"time": 18.956018076287446}, "model": {"auc": 0.9987435508855946, "fullscore": 0.9984123925161126}}