{"classifier": {"time": 10.313762909554308}, "model": {"auc": 0.9826299661906412, "fullscore": 0.9847748166640233}}