{"classifier": {"time": 91.69323084708721}, "model": {"auc": 0.9999998731105504, "fullscore": 0.9999994970504483}}