{"classifier": {"time": 8.480281823343395}, "model": {"auc": 0.976230047291801, "fullscore": 0.9784601700428839}}