{"classifier": {"time": 2.213377961735858}, "model": {"auc": 0.6782795947611433, "fullscore": 0.7507647166195361}}