{"classifier": {"time": 2.936807831896958}, "model": {"auc": 0.8171346377420722, "fullscore": 0.8108003304024889}}