{"classifier": {"time": 101.88226830523043}, "model": {"auc": 0.9999999266612176, "fullscore": 0.9999998025468078}}