{"classifier": {"time": 15.013635683865855}, "model": {"auc": 0.9965754965366806, "fullscore": 0.9970743066652046}}