{"classifier": {"time": 238.3662996133758}, "model": {"auc": 0.9999999998279682, "fullscore": 0.9999999992444178}}