{"classifier": {"time": 9.538926261183393}, "model": {"auc": 0.976417244025196, "fullscore": 0.9842941244852985}}