{"classifier": {"time": 44.840578130879564}, "model": {"auc": 0.9999864154185987, "fullscore": 0.999971644869244}}