{"classifier": {"time": 45.011770221820754}, "model": {"auc": 0.9999866787326315, "fullscore": 0.999971431090354}}