{"classifier": {"time": 2.9449394801367137}, "model": {"auc": 0.8179451146418352, "fullscore": 0.8105473340270869}}