{"classifier": {"time": 17.335087714243194}, "model": {"auc": 0.9979031136135845, "fullscore": 0.9982174632971441}}