{"classifier": {"time": 35.14141198754423}, "model": {"auc": 0.9999374447629006, "fullscore": 0.9998968943423931}}