{"classifier": {"time": 5.96150713704521}, "model": {"auc": 0.9492475819097851, "fullscore": 0.9468311427641755}}