{"classifier": {"time": 3.1400398357392594}, "model": {"auc": 0.8204400635434239, "fullscore": 0.8213499646323086}}