{"classifier": {"time": 82.6731843799843}, "model": {"auc": 0.9999997935639083, "fullscore": 0.9999993447832276}}