{"classifier": {"time": 1143.4057253741605}, "model": {"auc": 0.9999999999999994, "fullscore": 0.9999999999999055}}