{"classifier": {"time": 246.48484822946887}, "model": {"auc": 0.9999999998430071, "fullscore": 0.9999999994019687}}