{"classifier": {"time": 38.38070120027333}, "model": {"auc": 0.9999637569534968, "fullscore": 0.9999627197024221}}