{"classifier": {"time": 3.7794300550513507}, "model": {"auc": 0.8636759070616621, "fullscore": 0.8829425315882581}}