{"classifier": {"time": 2741.0486229343537}, "model": {"auc": 1.0, "fullscore": 0.9999999999999996}}