{"classifier": {"time": 12.674305050864017}, "model": {"auc": 0.9946983673105587, "fullscore": 0.9937962539659597}}