{"classifier": {"time": 50.50575078698419}, "model": {"auc": 0.9999896275521658, "fullscore": 0.999986668618416}}