{"classifier": {"time": 7.3932436329802576}, "model": {"auc": 0.9645235594925297, "fullscore": 0.9726341224871532}}