{"classifier": {"time": 24.669637387603622}, "model": {"auc": 0.9994620769264462, "fullscore": 0.9995415231159456}}