{"classifier": {"time": 4.070498059037746}, "model": {"auc": 0.8857751815723565, "fullscore": 0.9079418011114239}}