{"classifier": {"time": 191.62371044088928}, "model": {"auc": 0.9999999990305286, "fullscore": 0.9999999929129115}}