{"classifier": {"time": 5.086302899307411}, "model": {"auc": 0.9207630445853663, "fullscore": 0.9324465358583873}}