{"classifier": {"time": 44.857511586565394}, "model": {"auc": 0.9999864404597146, "fullscore": 0.9999716294410806}}