{"classifier": {"time": 17.424574827411494}, "model": {"auc": 0.9979398638227377, "fullscore": 0.9982092049355052}}