{"classifier": {"time": 8.003639702876153}, "model": {"auc": 0.9701480984560542, "fullscore": 0.9729828515601671}}