{"classifier": {"time": 144.3539171170718}, "model": {"auc": 0.9999999961808854, "fullscore": 0.9999999820618508}}