{"classifier": {"time": 94.45503680009644}, "model": {"auc": 0.999999927330118, "fullscore": 0.9999997960573996}}