{"classifier": {"time": 1621.805878633304}, "model": {"auc": 1.0, "fullscore": 0.9999999999999855}}