{"classifier": {"time": 470.3844106269225}, "model": {"auc": 0.9999999999988108, "fullscore": 0.999999999983266}}