{"classifier": {"time": 11.042720103733508}, "model": {"auc": 0.9877827281898124, "fullscore": 0.9894012219112751}}