{"classifier": {"time": 165.64330842058843}, "model": {"auc": 0.9999999961185262, "fullscore": 0.9999999875067228}}