{"classifier": {"time": 122.42497071920783}, "model": {"auc": 0.9999999731949645, "fullscore": 0.9999999024062192}}