{"classifier": {"time": 329.1888412732356}, "model": {"auc": 0.9999999999633258, "fullscore": 0.9999999997197733}}