{"classifier": {"time": 513.362278428779}, "model": {"auc": 0.999999999999065, "fullscore": 0.9999999999858522}}