{"classifier": {"time": 1389.6282983341189}, "model": {"auc": 0.9999999999999998, "fullscore": 0.9999999999999628}}