{"classifier": {"time": 4.10294677512753}, "model": {"auc": 0.886954227502358, "fullscore": 0.913629868627267}}