{"classifier": {"time": 2.7738565703884084}, "model": {"auc": 0.8140400606419893, "fullscore": 0.7983618084086379}}