{"classifier": {"time": 43.02405240169805}, "model": {"auc": 0.9999720050265981, "fullscore": 0.9999724747442591}}