{"classifier": {"time": 166.7039166272702}, "model": {"auc": 0.9999999962480103, "fullscore": 0.9999999877773618}}