{"classifier": {"time": 3.5228916771429355}, "model": {"auc": 0.8315642728831727, "fullscore": 0.8676687802461939}}