{"classifier": {"time": 287.1822830992228}, "model": {"auc": 0.9999999999278787, "fullscore": 0.9999999996015996}}