{"classifier": {"time": 10.612470927549317}, "model": {"auc": 0.9854538713345542, "fullscore": 0.984980189525429}}