{"classifier": {"time": 3.8656609811496967}, "model": {"auc": 0.8763891654867935, "fullscore": 0.8843944761586782}}