{"classifier": {"time": 55.14663075954098}, "model": {"auc": 0.9999979592368989, "fullscore": 0.9999942611350405}}