{"classifier": {"time": 43.83514991667962}, "model": {"auc": 0.9999840363626817, "fullscore": 0.9999689178309799}}