{"classifier": {"time": 3.512673318417547}, "model": {"auc": 0.8306895701788677, "fullscore": 0.8679985738498608}}