{"classifier": {"time": 232.43560879313546}, "model": {"auc": 0.999999999780719, "fullscore": 0.9999999987684661}}