{"classifier": {"time": 219.92208197967057}, "model": {"auc": 0.999999999578635, "fullscore": 0.9999999947024076}}