{"classifier": {"time": 17.413700301817066}, "model": {"auc": 0.9979352499076979, "fullscore": 0.9982106420235961}}