{"classifier": {"time": 13.969436742632642}, "model": {"auc": 0.9947900775440552, "fullscore": 0.9944336154940114}}