{"classifier": {"time": 153.721734962146}, "model": {"auc": 0.9999999960421561, "fullscore": 0.9999999842887122}}