{"classifier": {"time": 1261.388787730241}, "model": {"auc": 0.9999999999999996, "fullscore": 0.9999999999999292}}