{"classifier": {"time": 208.30233738584712}, "model": {"auc": 0.9999999995258286, "fullscore": 0.9999999944188556}}