{"classifier": {"time": 8.791808257431864}, "model": {"auc": 0.9749832728247696, "fullscore": 0.9833904147105819}}