{"classifier": {"time": 2.3730738970097045}, "model": {"auc": 0.6977649323964081, "fullscore": 0.7777661393930202}}