{"classifier": {"time": 2.853752278055729}, "model": {"auc": 0.8152712866234506, "fullscore": 0.7993428046919241}}