{"classifier": {"time": 123.8138488916546}, "model": {"auc": 0.9999999873778735, "fullscore": 0.9999999694409379}}