{"classifier": {"time": 1129.6086915978171}, "model": {"auc": 0.9999999999999993, "fullscore": 0.9999999999998737}}