{"classifier": {"time": 229.52024733357368}, "model": {"auc": 0.9999999996776786, "fullscore": 0.9999999978228493}}