{"classifier": {"time": 575.0825860453722}, "model": {"auc": 0.9999999999998359, "fullscore": 0.9999999999894364}}