{"classifier": {"time": 219.31622886628332}, "model": {"auc": 0.9999999995707913, "fullscore": 0.9999999947205536}}