{"classifier": {"time": 2261.857732850335}, "model": {"auc": 1.0, "fullscore": 0.9999999999999978}}