{"classifier": {"time": 2984.5515275651564}, "model": {"auc": 1.0, "fullscore": 0.9999999999999999}}