{"classifier": {"time": 30.010880959376603}, "model": {"auc": 0.9998577489016852, "fullscore": 0.9996882247281064}}