{"classifier": {"time": 37.33719310098441}, "model": {"auc": 0.9999623802450349, "fullscore": 0.9999442140301996}}