{"classifier": {"time": 1625.9776478654933}, "model": {"auc": 1.0, "fullscore": 0.9999999999999858}}