{"classifier": {"time": 7.392393209191722}, "model": {"auc": 0.9645120404710799, "fullscore": 0.9726391903466634}}