{"classifier": {"time": 276.33486286601374}, "model": {"auc": 0.9999999998818815, "fullscore": 0.9999999995377389}}