{"classifier": {"time": 113.97368638176582}, "model": {"auc": 0.9999999614619586, "fullscore": 0.9999998674321392}}