{"classifier": {"time": 277.3422581289556}, "model": {"auc": 0.9999999998795095, "fullscore": 0.9999999995552469}}