{"classifier": {"time": 661.9237543329707}, "model": {"auc": 0.9999999999999459, "fullscore": 0.9999999999977187}}