{"classifier": {"time": 5.089000693611381}, "model": {"auc": 0.9210615389897976, "fullscore": 0.9380746140511261}}