{"classifier": {"time": 1123.087221577023}, "model": {"auc": 0.9999999999999989, "fullscore": 0.9999999999998869}}