{"classifier": {"time": 2.404106222154114}, "model": {"auc": 0.7411857099634589, "fullscore": 0.7936953443183234}}