{"classifier": {"time": 11.109170221116887}, "model": {"auc": 0.9896864650777552, "fullscore": 0.9917146400266896}}