{"classifier": {"time": 7.2827334009919795}, "model": {"auc": 0.9577473294708253, "fullscore": 0.9710592143685487}}