{"classifier": {"time": 5.132642181390311}, "model": {"auc": 0.9222255730210263, "fullscore": 0.932086462708894}}