{"classifier": {"time": 5.121520811633299}, "model": {"auc": 0.9213585429225748, "fullscore": 0.9296762421715389}}