{"classifier": {"time": 43.323229678917045}, "model": {"auc": 0.9999791761439623, "fullscore": 0.9999708566358348}}