{"classifier": {"time": 684.6326634944938}, "model": {"auc": 0.9999999999999496, "fullscore": 0.9999999999987959}}