{"classifier": {"time": 2.564851656042858}, "model": {"auc": 0.8014364628243352, "fullscore": 0.7941880155889934}}