{"classifier": {"time": 246.61591780723808}, "model": {"auc": 0.9999999998409259, "fullscore": 0.99999999941957}}