{"classifier": {"time": 30.343783650438866}, "model": {"auc": 0.9998697954017456, "fullscore": 0.9997303616867164}}