{"classifier": {"time": 85.40179616837446}, "model": {"auc": 0.9999998250744029, "fullscore": 0.9999992634933799}}