{"classifier": {"time": 9.726514659734725}, "model": {"auc": 0.9817923340479444, "fullscore": 0.9853761055380817}}