{"classifier": {"time": 25.88740174031439}, "model": {"auc": 0.9996038803845678, "fullscore": 0.9995312492386393}}