{"classifier": {"time": 87.66086070352307}, "model": {"auc": 0.9999998252977953, "fullscore": 0.9999992836965858}}