{"classifier": {"time": 16.43590311686511}, "model": {"auc": 0.9976145143561532, "fullscore": 0.9977930403237052}}