{"classifier": {"time": 1133.8098351789945}, "model": {"auc": 0.9999999999999993, "fullscore": 0.9999999999998731}}