{"classifier": {"time": 15.191987471969384}, "model": {"auc": 0.9971154303863893, "fullscore": 0.9977616984625246}}