{"classifier": {"time": 3.3974748185904127}, "model": {"auc": 0.8265742329285461, "fullscore": 0.847259129738925}}