{"classifier": {"time": 1620.0081430845078}, "model": {"auc": 1.0, "fullscore": 0.9999999999999843}}