{"classifier": {"time": 7.166458356310725}, "model": {"auc": 0.9534667085393783, "fullscore": 0.9691144041371473}}