{"classifier": {"time": 61.444463970933434}, "model": {"auc": 0.9999985263546238, "fullscore": 0.9999948657230286}}