{"classifier": {"time": 219.61172452048098}, "model": {"auc": 0.9999999995723111, "fullscore": 0.9999999948439526}}