{"classifier": {"time": 4.967326764879767}, "model": {"auc": 0.9207820866215877, "fullscore": 0.9245566730055028}}