{"classifier": {"time": 72.13902869975703}, "model": {"auc": 0.999998707530239, "fullscore": 0.999997469411896}}