{"classifier": {"time": 181.38845541753057}, "model": {"auc": 0.9999999988483205, "fullscore": 0.9999999941468249}}