{"classifier": {"time": 2.418220159636226}, "model": {"auc": 0.7619514206355745, "fullscore": 0.7880195129644518}}