{"classifier": {"time": 2.397550895942828}, "model": {"auc": 0.7170788457672667, "fullscore": 0.7806903648307487}}