{"classifier": {"time": 14.763276196701842}, "model": {"auc": 0.9951582333075117, "fullscore": 0.9953815082323934}}