{"classifier": {"time": 13.571941726029975}, "model": {"auc": 0.9946592255805581, "fullscore": 0.9945574831157669}}