{"classifier": {"time": 20.47257584940339}, "model": {"auc": 0.9994293135981224, "fullscore": 0.9993427189949999}}