{"classifier": {"time": 11.88503308989453}, "model": {"auc": 0.9939184844934374, "fullscore": 0.9932108715102516}}