{"classifier": {"time": 43.419444065116735}, "model": {"auc": 0.9999732000340089, "fullscore": 0.9999720964264004}}