{"classifier": {"time": 3.7493879373214893}, "model": {"auc": 0.8445137964272922, "fullscore": 0.8775128325100945}}