{"classifier": {"time": 166.825344390831}, "model": {"auc": 0.9999999962899813, "fullscore": 0.9999999873923329}}