{"classifier": {"time": 59.85991584401614}, "model": {"auc": 0.999998277290808, "fullscore": 0.9999950334688482}}