{"classifier": {"time": 52.2301758086734}, "model": {"auc": 0.9999944669221, "fullscore": 0.9999924578351925}}