{"classifier": {"time": 13.61563549894342}, "model": {"auc": 0.9947105449049178, "fullscore": 0.9945501217645571}}