{"classifier": {"time": 1259.071094337054}, "model": {"auc": 0.9999999999999996, "fullscore": 0.9999999999999293}}