{"classifier": {"time": 85.07698974587316}, "model": {"auc": 0.9999998209346477, "fullscore": 0.999999269984332}}