{"classifier": {"time": 221.16539413915976}, "model": {"auc": 0.9999999995956725, "fullscore": 0.9999999946212188}}