{"classifier": {"time": 67.67290305270784}, "model": {"auc": 0.9999985657821613, "fullscore": 0.9999957126783715}}