{"classifier": {"time": 4.728990407649615}, "model": {"auc": 0.9090735665394845, "fullscore": 0.9288056181929994}}