{"classifier": {"time": 514.2066752496434}, "model": {"auc": 0.9999999999991036, "fullscore": 0.9999999999855639}}