{"classifier": {"time": 34.923565737131774}, "model": {"auc": 0.9999195211815892, "fullscore": 0.9999047528690337}}