{"classifier": {"time": 42.84277969799938}, "model": {"auc": 0.9999718800223198, "fullscore": 0.9999732953153617}}