{"classifier": {"time": 1911.030557964394}, "model": {"auc": 1.0, "fullscore": 0.9999999999999942}}