{"classifier": {"time": 81.15985376895796}, "model": {"auc": 0.999999724823503, "fullscore": 0.9999993785111213}}