{"classifier": {"time": 4.660758426005477}, "model": {"auc": 0.8870398691756665, "fullscore": 0.9229810191440102}}