{"classifier": {"time": 38.5989032637533}, "model": {"auc": 0.9999635681925914, "fullscore": 0.9999614990280434}}