{"classifier": {"time": 124.33689024884382}, "model": {"auc": 0.9999999876945784, "fullscore": 0.9999999693247522}}