{"classifier": {"time": 1716.3921794711002}, "model": {"auc": 1.0, "fullscore": 0.9999999999999865}}