{"classifier": {"time": 16.768731486280956}, "model": {"auc": 0.9978303060826088, "fullscore": 0.9981917325501272}}