{"classifier": {"time": 25.54698640973632}, "model": {"auc": 0.9995562411896523, "fullscore": 0.9995649430122386}}