{"classifier": {"time": 43.35594316634076}, "model": {"auc": 0.999979251299116, "fullscore": 0.999970824620656}}