{"classifier": {"time": 1101.2622260626729}, "model": {"auc": 0.9999999999999976, "fullscore": 0.9999999999998931}}