{"classifier": {"time": 80.26335470560437}, "model": {"auc": 0.9999995767640372, "fullscore": 0.9999992206403358}}