{"classifier": {"time": 17.307286297786604}, "model": {"auc": 0.9978920013153831, "fullscore": 0.9982187389036967}}