{"classifier": {"time": 819.2363350087114}, "model": {"auc": 0.9999999999999878, "fullscore": 0.9999999999994723}}