{"classifier": {"time": 818.8231309431242}, "model": {"auc": 0.9999999999999877, "fullscore": 0.9999999999994729}}