{"classifier": {"time": 42.997428046154084}, "model": {"auc": 0.9999723293309984, "fullscore": 0.9999732267489099}}