{"classifier": {"time": 21.81117406495087}, "model": {"auc": 0.9994719287635089, "fullscore": 0.999409766261343}}