{"classifier": {"time": 1890.076914484377}, "model": {"auc": 1.0, "fullscore": 0.9999999999999919}}