{"classifier": {"time": 25.454075140896396}, "model": {"auc": 0.9995497942508215, "fullscore": 0.9995668126662234}}