{"classifier": {"time": 85.35117512175924}, "model": {"auc": 0.9999998243983135, "fullscore": 0.99999926482013}}