{"classifier": {"time": 4.698389794842608}, "model": {"auc": 0.8980353074880834, "fullscore": 0.9289830469542072}}