{"classifier": {"time": 10.368139759944583}, "model": {"auc": 0.9828789086909883, "fullscore": 0.9847065932862694}}