{"classifier": {"time": 1082.6441969851192}, "model": {"auc": 0.9999999999999956, "fullscore": 0.9999999999998507}}