{"classifier": {"time": 792.0409076058377}, "model": {"auc": 0.9999999999999792, "fullscore": 0.9999999999992947}}