{"classifier": {"time": 517.3364642628768}, "model": {"auc": 0.9999999999994178, "fullscore": 0.9999999999866122}}