{"classifier": {"time": 2.4029871644908827}, "model": {"auc": 0.7179243151039205, "fullscore": 0.7804694362186058}}