{"classifier": {"time": 947.8947809315493}, "model": {"auc": 0.9999999999999889, "fullscore": 0.9999999999998047}}