{"classifier": {"time": 2.7808474199559816}, "model": {"auc": 0.8147817535627706, "fullscore": 0.7981327476370076}}