{"classifier": {"time": 117.85871222707054}, "model": {"auc": 0.999999963101473, "fullscore": 0.9999998540950327}}