{"classifier": {"time": 2.7818878116893084}, "model": {"auc": 0.8148953718743635, "fullscore": 0.7980895641227461}}