{"classifier": {"time": 7.240312621191987}, "model": {"auc": 0.9580156271954723, "fullscore": 0.9719736625388367}}