{"classifier": {"time": 3.941233748056911}, "model": {"auc": 0.8836952505621366, "fullscore": 0.8996944094983802}}