{"classifier": {"time": 789.8479801368377}, "model": {"auc": 0.9999999999999608, "fullscore": 0.9999999999991911}}