{"classifier": {"time": 27.568945991498552}, "model": {"auc": 0.9997070342345182, "fullscore": 0.9995755773359019}}