{"classifier": {"time": 246.62979021172174}, "model": {"auc": 0.9999999998410497, "fullscore": 0.999999999414088}}