{"classifier": {"time": 2055.1432494552528}, "model": {"auc": 1.0, "fullscore": 0.9999999999999951}}