{"classifier": {"time": 89.16765038464294}, "model": {"auc": 0.9999998640883059, "fullscore": 0.9999993590540277}}