{"classifier": {"time": 27.704647640556246}, "model": {"auc": 0.9997630185704599, "fullscore": 0.9995730478527696}}