{"classifier": {"time": 2.3217711092482394}, "model": {"auc": 0.6869560037864738, "fullscore": 0.7607609227066288}}