{"classifier": {"time": 124.37832118995883}, "model": {"auc": 0.9999999868106397, "fullscore": 0.99999996316087}}