{"classifier": {"time": 4.436064189235996}, "model": {"auc": 0.8901224950665649, "fullscore": 0.9189380021627171}}