{"classifier": {"time": 51.42344309821066}, "model": {"auc": 0.9999905911418315, "fullscore": 0.9999908312191161}}