{"classifier": {"time": 276.8096562619409}, "model": {"auc": 0.9999999998814073, "fullscore": 0.9999999995469793}}