{"classifier": {"time": 5.321011366983693}, "model": {"auc": 0.9281156361120533, "fullscore": 0.9427507570392758}}