{"classifier": {"time": 7.217866071823411}, "model": {"auc": 0.9542571025050589, "fullscore": 0.9689088153467693}}