{"classifier": {"time": 8.422121584713055}, "model": {"auc": 0.9757175199786837, "fullscore": 0.9815597263155063}}