{"classifier": {"time": 2354.7987381894113}, "model": {"auc": 1.0, "fullscore": 0.9999999999999992}}