{"classifier": {"time": 1.9798597599541048}, "model": {"auc": 0.6722865296484813, "fullscore": 0.7383835089643668}}