{"classifier": {"time": 22.731581590050226}, "model": {"auc": 0.9994923150720827, "fullscore": 0.9994953563905808}}