{"classifier": {"time": 2.320599773978898}, "model": {"auc": 0.6867618512432911, "fullscore": 0.7608051323569656}}