{"classifier": {"time": 25.393711254836113}, "model": {"auc": 0.9995457334026109, "fullscore": 0.9995675093844526}}