{"classifier": {"time": 104.53419333521161}, "model": {"auc": 0.9999999600848934, "fullscore": 0.9999998716547855}}