{"classifier": {"time": 690.2391336616323}, "model": {"auc": 0.9999999999999403, "fullscore": 0.9999999999990804}}