{"classifier": {"time": 29.79406815212491}, "model": {"auc": 0.9998175626983237, "fullscore": 0.99963669318776}}