{"classifier": {"time": 1345.9503263022618}, "model": {"auc": 0.9999999999999997, "fullscore": 0.9999999999999387}}