{"classifier": {"time": 2.4490510107620844}, "model": {"auc": 0.7777421051614423, "fullscore": 0.7838050687422404}}