{"classifier": {"time": 365.4950304221834}, "model": {"auc": 0.9999999999794688, "fullscore": 0.9999999998387163}}