{"classifier": {"time": 63.63411577252975}, "model": {"auc": 0.999998373014883, "fullscore": 0.9999952249540698}}