{"classifier": {"time": 79.71714890044252}, "model": {"auc": 0.9999994091493004, "fullscore": 0.9999990930448204}}