{"classifier": {"time": 1341.4590894481505}, "model": {"auc": 0.9999999999999996, "fullscore": 0.9999999999999314}}