{"classifier": {"time": 10.325444363237144}, "model": {"auc": 0.9826817949162064, "fullscore": 0.9847649083812421}}