{"classifier": {"time": 30.87422287186024}, "model": {"auc": 0.9998919834297133, "fullscore": 0.9998017667097878}}