{"classifier": {"time": 94.02382540211873}, "model": {"auc": 0.9999999252259102, "fullscore": 0.9999997981473188}}