{"classifier": {"time": 9.476117846029332}, "model": {"auc": 0.9765540337876679, "fullscore": 0.9846592416452037}}