{"classifier": {"time": 93.85824684648652}, "model": {"auc": 0.9999999244545328, "fullscore": 0.9999997985992009}}