{"classifier": {"time": 34.28788958226216}, "model": {"auc": 0.9999237941508808, "fullscore": 0.9998978168889856}}