{"classifier": {"time": 5.138784808182311}, "model": {"auc": 0.921916616228593, "fullscore": 0.9294956696539147}}