{"classifier": {"time": 2.0423714645077484}, "model": {"auc": 0.6829301371065926, "fullscore": 0.7474545394206265}}