{"classifier": {"time": 630.6435570342252}, "model": {"auc": 0.999999999999901, "fullscore": 0.9999999999938323}}