{"classifier": {"time": 1272.1952286167143}, "model": {"auc": 0.9999999999999997, "fullscore": 0.9999999999999274}}