{"classifier": {"time": 41.49470398976824}, "model": {"auc": 0.9999628205540421, "fullscore": 0.9999634014544606}}