{"classifier": {"time": 91.9811470981126}, "model": {"auc": 0.9999998753497464, "fullscore": 0.9999994953307526}}