{"classifier": {"time": 124.40964230113057}, "model": {"auc": 0.9999999868316808, "fullscore": 0.9999999631435817}}