{"classifier": {"time": 2.871522935792291}, "model": {"auc": 0.8109341841502296, "fullscore": 0.8044221994454649}}