{"classifier": {"time": 401.0645983162692}, "model": {"auc": 0.9999999999955425, "fullscore": 0.9999999998597155}}