{"classifier": {"time": 5.929377345314145}, "model": {"auc": 0.9467404330061364, "fullscore": 0.9452801599275308}}