{"classifier": {"time": 449.6038055659009}, "model": {"auc": 0.9999999999984176, "fullscore": 0.9999999999819897}}