{"classifier": {"time": 387.5748764426518}, "model": {"auc": 0.9999999999881911, "fullscore": 0.999999999844583}}