{"classifier": {"time": 25.42360884550213}, "model": {"auc": 0.9994670942414347, "fullscore": 0.99955331919095}}