{"classifier": {"time": 220.55797385049325}, "model": {"auc": 0.9999999995870652, "fullscore": 0.999999994670883}}