{"classifier": {"time": 4.095414746511151}, "model": {"auc": 0.887885174094084, "fullscore": 0.9177964916458966}}