{"classifier": {"time": 166.80770719317135}, "model": {"auc": 0.9999999962638176, "fullscore": 0.9999999877590343}}