{"classifier": {"time": 123.65165346209943}, "model": {"auc": 0.9999999863322852, "fullscore": 0.9999999633991297}}