{"classifier": {"time": 11.215649675735454}, "model": {"auc": 0.9912200411672818, "fullscore": 0.9930230176776824}}