{"classifier": {"time": 6.152609274940186}, "model": {"auc": 0.9512927297527956, "fullscore": 0.95471433860946}}