{"classifier": {"time": 1855.6589399361794}, "model": {"auc": 1.0, "fullscore": 0.9999999999999887}}