{"classifier": {"time": 14.140610480745595}, "model": {"auc": 0.9945805090145694, "fullscore": 0.9949723116477078}}