{"classifier": {"time": 42.51705149240504}, "model": {"auc": 0.9999659227933002, "fullscore": 0.9999711888943653}}