{"classifier": {"time": 101.85711921702534}, "model": {"auc": 0.9999999265469438, "fullscore": 0.9999998026648442}}