{"classifier": {"time": 18.369295890271502}, "model": {"auc": 0.9986995235792995, "fullscore": 0.9985180213467244}}