{"classifier": {"time": 395.17340407417964}, "model": {"auc": 0.9999999999900469, "fullscore": 0.9999999998207452}}