{"classifier": {"time": 6.254246934666115}, "model": {"auc": 0.955369772957498, "fullscore": 0.9629728495438992}}