{"classifier": {"time": 2525.7142438475857}, "model": {"auc": 1.0, "fullscore": 0.9999999999999993}}