{"classifier": {"time": 48.91555727216003}, "model": {"auc": 0.9999892264970791, "fullscore": 0.9999799898492394}}