{"classifier": {"time": 220.01104597202837}, "model": {"auc": 0.9999999995334321, "fullscore": 0.9999999956291449}}