{"classifier": {"time": 107.80338028398853}, "model": {"auc": 0.9999999647228885, "fullscore": 0.999999859600773}}