{"classifier": {"time": 187.37642057259978}, "model": {"auc": 0.9999999989010171, "fullscore": 0.9999999933797371}}