{"classifier": {"time": 2924.1729736415828}, "model": {"auc": 1.0, "fullscore": 0.9999999999999998}}