{"classifier": {"time": 50.33453368937514}, "model": {"auc": 0.9999894570410067, "fullscore": 0.999986717903103}}