{"classifier": {"time": 43.03538515660584}, "model": {"auc": 0.9999724409854402, "fullscore": 0.9999732009883133}}