{"classifier": {"time": 5.771331169036657}, "model": {"auc": 0.9387383661953583, "fullscore": 0.9447876052108635}}