{"classifier": {"time": 398.47617770385773}, "model": {"auc": 0.999999999992984, "fullscore": 0.9999999998175017}}