{"classifier": {"time": 2465.2370885733344}, "model": {"auc": 1.0, "fullscore": 0.9999999999999993}}