{"classifier": {"time": 19.34636958024246}, "model": {"auc": 0.9988658293571315, "fullscore": 0.9983544628714209}}