{"classifier": {"time": 462.71574417294596}, "model": {"auc": 0.999999999998527, "fullscore": 0.999999999984725}}