{"classifier": {"time": 77.65855741135066}, "model": {"auc": 0.9999990911484669, "fullscore": 0.9999979376701486}}