{"classifier": {"time": 334.0014826861777}, "model": {"auc": 0.9999999999602571, "fullscore": 0.999999999790253}}