{"classifier": {"time": 814.8534866870846}, "model": {"auc": 0.9999999999999872, "fullscore": 0.9999999999994763}}