{"classifier": {"time": 82.4962129484747}, "model": {"auc": 0.9999997910344282, "fullscore": 0.9999993467178706}}