{"classifier": {"time": 287.83228669153203}, "model": {"auc": 0.9999999999564291, "fullscore": 0.9999999996124516}}