{"classifier": {"time": 642.2824591842431}, "model": {"auc": 0.9999999999999335, "fullscore": 0.9999999999957586}}