{"classifier": {"time": 25.441274479062354}, "model": {"auc": 0.9995489282646352, "fullscore": 0.99956698894038}}