{"classifier": {"time": 69.99323891397513}, "model": {"auc": 0.9999986410179756, "fullscore": 0.9999963537364439}}