{"classifier": {"time": 422.6706949771176}, "model": {"auc": 0.9999999999978411, "fullscore": 0.9999999999465595}}