{"classifier": {"time": 254.345939878281}, "model": {"auc": 0.9999999998492979, "fullscore": 0.9999999994005973}}