{"classifier": {"time": 2.3096619136710697}, "model": {"auc": 0.6849957072042153, "fullscore": 0.7610622637568597}}