{"classifier": {"time": 172.85561195143939}, "model": {"auc": 0.9999999978753418, "fullscore": 0.9999999929427145}}