{"classifier": {"time": 2382.6656993658244}, "model": {"auc": 1.0, "fullscore": 0.999999999999999}}