{"classifier": {"time": 1116.35843010315}, "model": {"auc": 0.9999999999999982, "fullscore": 0.999999999999902}}