{"classifier": {"time": 170.57046097761327}, "model": {"auc": 0.9999999971104435, "fullscore": 0.99999999086969}}