{"classifier": {"time": 14.422415362609}, "model": {"auc": 0.9947832232846633, "fullscore": 0.9951679868957852}}