{"classifier": {"time": 43.04529545602862}, "model": {"auc": 0.999972066262651, "fullscore": 0.9999724668317018}}