{"classifier": {"time": 922.0406919792241}, "model": {"auc": 0.9999999999999882, "fullscore": 0.9999999999996858}}