{"classifier": {"time": 123.14442815980597}, "model": {"auc": 0.9999999811243231, "fullscore": 0.9999999404695794}}