{"classifier": {"time": 79.10036568100757}, "model": {"auc": 0.9999992189982204, "fullscore": 0.9999986923600739}}