{"classifier": {"time": 84.73585496250223}, "model": {"auc": 0.9999998168282445, "fullscore": 0.9999992734173226}}