{"classifier": {"time": 338.88199596985135}, "model": {"auc": 0.9999999999667358, "fullscore": 0.9999999998281759}}