{"classifier": {"time": 44.86878387929074}, "model": {"auc": 0.9999864572117237, "fullscore": 0.9999716186112475}}