{"classifier": {"time": 14.927085737946063}, "model": {"auc": 0.9958369594146104, "fullscore": 0.9961463262279289}}