{"classifier": {"time": 14.025582127777412}, "model": {"auc": 0.9947897216677688, "fullscore": 0.9942760638213082}}