{"classifier": {"time": 2341.228035514281}, "model": {"auc": 1.0, "fullscore": 0.9999999999999992}}