{"classifier": {"time": 120.87810237705804}, "model": {"auc": 0.9999999663009409, "fullscore": 0.9999998650060269}}