{"classifier": {"time": 5.978516516782297}, "model": {"auc": 0.949558177137096, "fullscore": 0.9467839631655759}}