{"classifier": {"time": 17.47491667460703}, "model": {"auc": 0.9979624324269858, "fullscore": 0.9982000065055092}}