{"classifier": {"time": 276.46930785313253}, "model": {"auc": 0.9999999998821713, "fullscore": 0.999999999541515}}