{"classifier": {"time": 63.422005749899625}, "model": {"auc": 0.9999984681413947, "fullscore": 0.9999950982331582}}