{"classifier": {"time": 14.000406603388091}, "model": {"auc": 0.9948245710008237, "fullscore": 0.994429057860727}}