{"classifier": {"time": 80.17998326655376}, "model": {"auc": 0.9999995806205656, "fullscore": 0.999999231897893}}