{"classifier": {"time": 51.91825811976824}, "model": {"auc": 0.9999925351186602, "fullscore": 0.9999924765100664}}