{"classifier": {"time": 124.2587138838961}, "model": {"auc": 0.9999999876470242, "fullscore": 0.9999999693493188}}