{"classifier": {"time": 206.84997783535607}, "model": {"auc": 0.9999999993663355, "fullscore": 0.9999999932025365}}