{"classifier": {"time": 7.394929206181778}, "model": {"auc": 0.9645466315887571, "fullscore": 0.972623701458945}}