{"classifier": {"time": 434.6034623754821}, "model": {"auc": 0.999999999998286, "fullscore": 0.9999999999712813}}