{"classifier": {"time": 52.99982841037535}, "model": {"auc": 0.999997056296013, "fullscore": 0.9999929344493151}}