{"classifier": {"time": 4.938200064266521}, "model": {"auc": 0.9198174446517029, "fullscore": 0.924831566144015}}