{"classifier": {"time": 19.64091672861112}, "model": {"auc": 0.9992486108725123, "fullscore": 0.9988184177471816}}