{"classifier": {"time": 43.07339663076304}, "model": {"auc": 0.9999725538365428, "fullscore": 0.9999731708885484}}