{"classifier": {"time": 536.5548185312216}, "model": {"auc": 0.9999999999994769, "fullscore": 0.9999999999884661}}