{"classifier": {"time": 47.3344322198016}, "model": {"auc": 0.9999885362016361, "fullscore": 0.9999733296180392}}