{"classifier": {"time": 6.678440562907497}, "model": {"auc": 0.9541027870495951, "fullscore": 0.9658054819568371}}