{"classifier": {"time": 21.177661114392187}, "model": {"auc": 0.9994468274940469, "fullscore": 0.9994217603059427}}