{"classifier": {"time": 2315.436906597743}, "model": {"auc": 1.0, "fullscore": 0.9999999999999989}}