{"classifier": {"time": 219.70053498754163}, "model": {"auc": 0.9999999995757562, "fullscore": 0.9999999947101713}}