{"classifier": {"time": 101.69180763319893}, "model": {"auc": 0.9999999258102811, "fullscore": 0.9999998033277049}}