{"classifier": {"time": 5.143103759705113}, "model": {"auc": 0.9220651912113036, "fullscore": 0.9294312647339107}}