{"classifier": {"time": 401.9735103110534}, "model": {"auc": 0.999999999996781, "fullscore": 0.9999999998794774}}