{"classifier": {"time": 2392.1495272595134}, "model": {"auc": 1.0, "fullscore": 0.9999999999999991}}