{"classifier": {"time": 1257.3750305549636}, "model": {"auc": 0.9999999999999996, "fullscore": 0.9999999999999288}}