{"classifier": {"time": 32.89181111559064}, "model": {"auc": 0.9999039290690228, "fullscore": 0.9998939587024505}}