{"classifier": {"time": 165.5428222620306}, "model": {"auc": 0.9999999960775929, "fullscore": 0.9999999878875816}}