{"classifier": {"time": 206.4889069937349}, "model": {"auc": 0.9999999993652503, "fullscore": 0.9999999933584316}}