{"classifier": {"time": 10.024329458777974}, "model": {"auc": 0.9825500318038104, "fullscore": 0.9845652870274824}}