{"classifier": {"time": 2188.6553826295653}, "model": {"auc": 1.0, "fullscore": 0.9999999999999953}}