{"classifier": {"time": 3.2855264474837207}, "model": {"auc": 0.8243295703962685, "fullscore": 0.8307278659683601}}