{"classifier": {"time": 8.466204396154914}, "model": {"auc": 0.9761152665816247, "fullscore": 0.9785117258404606}}