{"classifier": {"time": 1434.3388352728164}, "model": {"auc": 0.9999999999999999, "fullscore": 0.9999999999999719}}