{"classifier": {"time": 93.4137955585387}, "model": {"auc": 0.9999998970279476, "fullscore": 0.9999996742431633}}