{"classifier": {"time": 537.5291031467027}, "model": {"auc": 0.999999999999669, "fullscore": 0.9999999999888702}}