{"classifier": {"time": 206.1675024536926}, "model": {"auc": 0.999999999367649, "fullscore": 0.999999993441783}}