{"classifier": {"time": 19.926714661483047}, "model": {"auc": 0.9993734561785252, "fullscore": 0.9991382621780512}}