{"classifier": {"time": 43.14761926700147}, "model": {"auc": 0.9999723627418664, "fullscore": 0.9999724142633267}}