{"classifier": {"time": 139.63103008515094}, "model": {"auc": 0.999999994594323, "fullscore": 0.9999999806356734}}