{"classifier": {"time": 276.1378772860057}, "model": {"auc": 0.9999999998829774, "fullscore": 0.9999999995306492}}