{"classifier": {"time": 27.77024406684856}, "model": {"auc": 0.9997652163229864, "fullscore": 0.9995724298101276}}