{"classifier": {"time": 1002.1399871027044}, "model": {"auc": 0.9999999999999919, "fullscore": 0.9999999999998159}}