{"classifier": {"time": 124.55657917982865}, "model": {"auc": 0.999999987829435, "fullscore": 0.9999999692389591}}