{"classifier": {"time": 1556.9277371083651}, "model": {"auc": 0.9999999999999999, "fullscore": 0.9999999999999802}}