{"classifier": {"time": 124.98783157960692}, "model": {"auc": 0.999999988105734, "fullscore": 0.999999968971842}}