{"classifier": {"time": 817.5859337492142}, "model": {"auc": 0.9999999999999876, "fullscore": 0.9999999999994743}}