{"classifier": {"time": 228.1819566524922}, "model": {"auc": 0.9999999995167771, "fullscore": 0.9999999966486426}}