{"classifier": {"time": 36.18266671694452}, "model": {"auc": 0.9999595118422786, "fullscore": 0.9999200333888284}}