{"classifier": {"time": 9.549741484374263}, "model": {"auc": 0.9798195682811559, "fullscore": 0.9857609242063814}}