{"classifier": {"time": 305.21777493873196}, "model": {"auc": 0.9999999999653226, "fullscore": 0.9999999996466126}}