{"classifier": {"time": 946.5402077709235}, "model": {"auc": 0.9999999999999893, "fullscore": 0.9999999999997944}}