{"classifier": {"time": 35.45454089642543}, "model": {"auc": 0.9999516727929034, "fullscore": 0.9999004932598925}}