{"classifier": {"time": 19.519423537161224}, "model": {"auc": 0.9990598701063929, "fullscore": 0.9984995127081198}}