{"classifier": {"time": 569.1499580089031}, "model": {"auc": 0.9999999999998213, "fullscore": 0.9999999999896753}}