{"classifier": {"time": 3.4060331506281543}, "model": {"auc": 0.8272854766917902, "fullscore": 0.8470629220262569}}