{"model": {"index": 38622327.531326585}, "product": {"avg_time": 8518309.944391102}}