{"model": {"index": 13.038918452755945}, "product": {"avg_time": 12.892718331983085}}