{"model": {"index": 944135386.179772}, "product": {"avg_time": 150826879.60367578}}