{"model": {"index": 31.48618475751009}, "product": {"avg_time": 30.442048305855568}}