{"model": {"index": 24.103122888092425}, "product": {"avg_time": 21.12673772286223}}