{"model": {"index": 335667752.07138735}, "product": {"avg_time": 51264834.11996372}}