{"model": {"index": 527835.4953388476}, "product": {"avg_time": 216104.69580958606}}