{"model": {"index": 7365733.572415947}, "product": {"avg_time": 2060735.9062829935}}