{"model": {"index": 12331.733084827381}, "product": {"avg_time": 6381.831069398681}}