{"model": {"index": 323366006.77994066}, "product": {"avg_time": 57672831.239097655}}