{"model": {"index": 1.598014857844761}, "product": {"avg_time": 1.6114469446249913}}