{"model": {"index": 19678589.314516153}, "product": {"avg_time": 5049821.760890674}}