{"model": {"index": 9.24036817988702}, "product": {"avg_time": 9.052616767893037}}