{"model": {"index": 262.2030395738465}, "product": {"avg_time": 169.1879268167845}}