{"model": {"index": 52.533658508714005}, "product": {"avg_time": 39.345290842323095}}