{"model": {"index": 1368.359415572483}, "product": {"avg_time": 896.856508475693}}