{"model": {"index": 9368.812335571625}, "product": {"avg_time": 4731.445240687766}}