{"model": {"index": 60588119.57683752}, "product": {"avg_time": 12726706.55149889}}