{"model": {"index": 1.5947523530336618}, "product": {"avg_time": 1.6932289206654427}}