{"model": {"index": 13083025.319849707}, "product": {"avg_time": 3681307.3561396208}}