{"model": {"index": 552.5434809698525}, "product": {"avg_time": 328.5667784796804}}