{"model": {"index": 3427413.5749879996}, "product": {"avg_time": 882201.1887795306}}