{"model": {"index": 3.6359177919626733}, "product": {"avg_time": 3.7265573730334705}}