{"model": {"index": 72.2299535707385}, "product": {"avg_time": 55.83751770960784}}