{"model": {"index": 6175593.22024428}, "product": {"avg_time": 1473524.7978202442}}