{"model": {"index": 92765.32432019836}, "product": {"avg_time": 35256.19894087863}}