{"model": {"index": 7053.198232737695}, "product": {"avg_time": 3375.8704133923356}}