{"model": {"index": 257736.619904865}, "product": {"avg_time": 90590.42586935195}}