{"model": {"index": 626188624.0466133}, "product": {"avg_time": 94775084.79527627}}