{"model": {"index": 291471431.344196}, "product": {"avg_time": 49932446.41476074}}