{"model": {"index": 84816088.23652223}, "product": {"avg_time": 14675417.95393522}}