{"model": {"index": 874842.8691325659}, "product": {"avg_time": 284683.471092824}}