{"model": {"index": 323623710.8472813}, "product": {"avg_time": 56202862.829755686}}