{"model": {"index": 36332.962691405744}, "product": {"avg_time": 14437.86512198642}}