{"model": {"index": 105.05382633971475}, "product": {"avg_time": 71.2735724534548}}