{"model": {"index": 8565.034422878833}, "product": {"avg_time": 4135.828288800299}}