{"model": {"index": 246.65885979183426}, "product": {"avg_time": 162.0828503154509}}