{"model": {"index": 13464242.976972196}, "product": {"avg_time": 3652959.463839034}}