{"model": {"index": 13123600.238999557}, "product": {"avg_time": 2947856.1744772247}}