{"model": {"index": 47446143.72886813}, "product": {"avg_time": 10445644.244304609}}