{"model": {"index": 404192668.6108351}, "product": {"avg_time": 70290669.65761165}}