{"model": {"index": 557756.6523436299}, "product": {"avg_time": 190318.71152631563}}