{"model": {"index": 7498963.438550699}, "product": {"avg_time": 2017047.070261951}}