{"model": {"index": 1229140.3677844652}, "product": {"avg_time": 398267.9046660373}}