{"model": {"index": 562.546055877052}, "product": {"avg_time": 360.28855727951355}}