{"model": {"index": 74.16642384703401}, "product": {"avg_time": 52.95822170516128}}