{"model": {"index": 10851798.542677402}, "product": {"avg_time": 2900657.3629897563}}