{"model": {"index": 1205.3435721284134}, "product": {"avg_time": 802.1545603376732}}