{"model": {"index": 3995291.2827636837}, "product": {"avg_time": 1242823.0692341481}}