{"model": {"index": 12.956838831942886}, "product": {"avg_time": 11.084370434185573}}