{"model": {"index": 12369144.73745576}, "product": {"avg_time": 2929780.591026327}}