{"model": {"index": 60149.316404951685}, "product": {"avg_time": 26798.75022945285}}