{"model": {"index": 163462.38149835233}, "product": {"avg_time": 70494.24271343496}}