{"model": {"index": 2129295.8826465467}, "product": {"avg_time": 589468.6846843235}}