{"model": {"index": 3353.213127137526}, "product": {"avg_time": 1908.9850077849385}}