{"model": {"index": 87681860.0023339}, "product": {"avg_time": 19648795.245841626}}