{"model": {"index": 330.41823917830976}, "product": {"avg_time": 217.89183292045132}}