{"model": {"index": 2010392.729249945}, "product": {"avg_time": 552703.1177369417}}