{"model": {"index": 120363.30689727892}, "product": {"avg_time": 44678.03414275115}}