{"model": {"index": 6012090.947185964}, "product": {"avg_time": 1601370.0236638556}}