{"model": {"index": 14.133273192144658}, "product": {"avg_time": 14.86761716091574}}