{"model": {"index": 121841890.65697747}, "product": {"avg_time": 22793768.523753356}}