{"model": {"index": 3.7428350407223627}, "product": {"avg_time": 4.180750662208053}}