{"model": {"index": 185162345.066075}, "product": {"avg_time": 32775119.933705326}}