{"model": {"index": 10126.07017660866}, "product": {"avg_time": 5446.313520404698}}