{"model": {"index": 1.9819648784290407}, "product": {"avg_time": 2.0433771238109975}}