{"model": {"index": 25417.67455469897}, "product": {"avg_time": 11017.343085580884}}