{"model": {"index": 277.010877931501}, "product": {"avg_time": 182.98760218632742}}