{"model": {"index": 337833.0250582691}, "product": {"avg_time": 125770.21180769293}}