{"model": {"index": 2110.4030099756365}, "product": {"avg_time": 1172.0233672009608}}