{"model": {"index": 44974.262623357004}, "product": {"avg_time": 18759.965677789514}}