{"model": {"index": 1197.9733495890068}, "product": {"avg_time": 756.472946849355}}