{"model": {"index": 245265.8872126254}, "product": {"avg_time": 78213.52672396846}}