{"model": {"index": 293621.525794258}, "product": {"avg_time": 115729.70377698721}}