{"model": {"index": 698.7930492132067}, "product": {"avg_time": 481.8175858974075}}