{"model": {"index": 1279476014.407465}, "product": {"avg_time": 198436731.06325302}}