{"model": {"index": 360.64103774530753}, "product": {"avg_time": 229.04279352826745}}