{"model": {"index": 5.966840679479021}, "product": {"avg_time": 5.914435456771847}}