{"model": {"index": 112402.47263013314}, "product": {"avg_time": 41299.93947852721}}