{"model": {"index": 1976.315931334028}, "product": {"avg_time": 1138.169648352822}}