{"model": {"index": 268.09717307051375}, "product": {"avg_time": 176.75907867509474}}