{"model": {"index": 23.114861274846607}, "product": {"avg_time": 22.431959971156914}}