{"model": {"index": 102.70186685753275}, "product": {"avg_time": 69.5066434233318}}