{"model": {"index": 4.058762328476099}, "product": {"avg_time": 4.371806221577893}}