{"model": {"index": 125271.84278612192}, "product": {"avg_time": 51134.02053113838}}