{"model": {"index": 1018.6141089489676}, "product": {"avg_time": 643.9180836275392}}