{"model": {"index": 3528271.941929419}, "product": {"avg_time": 1032964.0455272807}}