{"model": {"index": 130.35201993393122}, "product": {"avg_time": 89.66239806890782}}