{"model": {"index": 99.20887418574658}, "product": {"avg_time": 65.00132963847824}}