{"model": {"index": 34543.304410197685}, "product": {"avg_time": 13328.250195817925}}