{"model": {"index": 19.185337214368857}, "product": {"avg_time": 16.308771765319616}}