{"model": {"index": 1468576414.2285738}, "product": {"avg_time": 203508463.87590665}}