{"model": {"index": 1907.6007442962066}, "product": {"avg_time": 1104.9563040957553}}