{"model": {"index": 960066014.4850014}, "product": {"avg_time": 139118378.74580204}}