{"model": {"index": 243.11452153718128}, "product": {"avg_time": 159.16381289404424}}