{"model": {"index": 306640.51956973}, "product": {"avg_time": 119691.37269726943}}