{"model": {"index": 13.226875032184536}, "product": {"avg_time": 11.974352456106685}}