{"model": {"index": 568.8135735137612}, "product": {"avg_time": 394.3441121609608}}