{"model": {"index": 539020.1171166365}, "product": {"avg_time": 184148.22123502838}}