{"model": {"index": 1124477512.9774039}, "product": {"avg_time": 178331660.06742907}}