{"model": {"index": 30492.82534933248}, "product": {"avg_time": 12179.211021583495}}