{"model": {"index": 309385.43090251694}, "product": {"avg_time": 123760.88442106012}}