{"model": {"index": 547.8011097612771}, "product": {"avg_time": 327.97962398763013}}