{"model": {"index": 5.899905568352848}, "product": {"avg_time": 5.7764520553282}}