{"model": {"index": 56144.803299860694}, "product": {"avg_time": 22694.604574059947}}