{"model": {"index": 3.6453392058989937}, "product": {"avg_time": 3.3042713990463577}}