{"model": {"index": 536571.7322314593}, "product": {"avg_time": 197124.33237042025}}