{"model": {"index": 30286.79351204085}, "product": {"avg_time": 12103.21589480462}}