{"model": {"index": 165890710.35625643}, "product": {"avg_time": 30469207.766581934}}