{"model": {"index": 2059357.6868381551}, "product": {"avg_time": 678485.7223801858}}