{"model": {"index": 253886219.9959131}, "product": {"avg_time": 46861752.10995124}}