{"model": {"index": 283.6018678052565}, "product": {"avg_time": 175.07545492398106}}