{"model": {"index": 6.156431835138269}, "product": {"avg_time": 5.214430133878699}}