{"model": {"index": 36201.34674787233}, "product": {"avg_time": 13965.689808181083}}