{"model": {"index": 5974792.586387325}, "product": {"avg_time": 1532957.7446640113}}