{"model": {"index": 564487.2531971225}, "product": {"avg_time": 222943.34147168446}}