{"model": {"index": 36260.15051827488}, "product": {"avg_time": 15182.793413283418}}