{"model": {"index": 90606.45840911218}, "product": {"avg_time": 33297.44542658562}}