{"model": {"index": 193071.7020221598}, "product": {"avg_time": 75146.41712590707}}