{"model": {"index": 1304.4741736616359}, "product": {"avg_time": 868.1336635475674}}