{"model": {"index": 3.2067449572408857}, "product": {"avg_time": 2.727283157548872}}