{"model": {"index": 4996.978904470524}, "product": {"avg_time": 2914.712718548608}}