{"model": {"index": 54398.80287484773}, "product": {"avg_time": 23889.71490379582}}