{"model": {"index": 75.1984804134567}, "product": {"avg_time": 56.299038312155886}}