{"model": {"index": 9140.929813998331}, "product": {"avg_time": 5024.168163759845}}