{"model": {"index": 581.0547275604438}, "product": {"avg_time": 338.1441732709189}}