{"model": {"index": 476.2798659840625}, "product": {"avg_time": 297.20869701445935}}