{"model": {"index": 2404.0719549195483}, "product": {"avg_time": 1243.7756639009629}}