{"model": {"index": 117647087.72181366}, "product": {"avg_time": 25582468.170343418}}