{"model": {"index": 16.177614258713163}, "product": {"avg_time": 14.83604992564164}}