{"model": {"index": 5.6481522254249965}, "product": {"avg_time": 5.201423721305816}}