{"model": {"index": 1202.712156335625}, "product": {"avg_time": 759.8090216639474}}