{"model": {"index": 657.2899026932489}, "product": {"avg_time": 463.9393764293765}}