{"model": {"index": 336171006.2558732}, "product": {"avg_time": 59608568.71828208}}