{"model": {"index": 2879180.796650262}, "product": {"avg_time": 772573.7448777643}}