{"model": {"index": 188784950.79369444}, "product": {"avg_time": 34197143.50853292}}