{"model": {"index": 929265.2183551472}, "product": {"avg_time": 280022.78237670555}}