{"model": {"index": 912661091.2972924}, "product": {"avg_time": 142369316.43011335}}