{"model": {"index": 7483507.61060687}, "product": {"avg_time": 2013389.57784107}}