{"model": {"index": 173427752.815392}, "product": {"avg_time": 31597540.23347697}}