{"model": {"index": 9001.534840756027}, "product": {"avg_time": 4701.072248928925}}