{"model": {"index": 38198234.06809448}, "product": {"avg_time": 8168877.281558077}}