{"model": {"index": 41.546559807593255}, "product": {"avg_time": 34.142772429462156}}