{"model": {"index": 403199370.9364248}, "product": {"avg_time": 70138645.0886939}}