{"model": {"index": 308024.6718353607}, "product": {"avg_time": 120172.45972797237}}