{"model": {"index": 1575885.4399684821}, "product": {"avg_time": 461893.8890460404}}