{"model": {"index": 83868977.0852025}, "product": {"avg_time": 18149009.15041464}}