{"model": {"index": 2874.6786321839127}, "product": {"avg_time": 1366.5045858386375}}