{"model": {"index": 152.396751023442}, "product": {"avg_time": 115.92133238305354}}