{"model": {"index": 54427.62821987774}, "product": {"avg_time": 21425.309500080206}}