{"model": {"index": 144219.93015910438}, "product": {"avg_time": 61855.26361999607}}