{"model": {"index": 7587.110846136999}, "product": {"avg_time": 3700.8133087679857}}