{"model": {"index": 7460119.759385155}, "product": {"avg_time": 2007745.9381840199}}