{"model": {"index": 256609.6858728534}, "product": {"avg_time": 90235.77397580355}}