{"model": {"index": 3705772.798635147}, "product": {"avg_time": 1155497.788124004}}