{"model": {"index": 1000.0951235659435}, "product": {"avg_time": 606.9057855582951}}