{"model": {"index": 19514338.79137226}, "product": {"avg_time": 4654771.813067844}}