{"model": {"index": 22.969910535179267}, "product": {"avg_time": 22.240017111885493}}