{"model": {"index": 5368.52494027402}, "product": {"avg_time": 2998.228494988004}}