{"model": {"index": 9292.449829566753}, "product": {"avg_time": 4342.512036505018}}