{"model": {"index": 88.23906878013979}, "product": {"avg_time": 65.40628893866956}}