{"model": {"index": 32.671721522100356}, "product": {"avg_time": 28.438151658663656}}