{"model": {"index": 123.72576763397521}, "product": {"avg_time": 80.20906100839821}}