{"model": {"index": 1749.4810692973756}, "product": {"avg_time": 1076.8848163754576}}