{"model": {"index": 54291.429832225724}, "product": {"avg_time": 25120.423021008897}}