{"model": {"index": 7.380343657879722}, "product": {"avg_time": 7.529391872014766}}