{"model": {"index": 395608789.3157898}, "product": {"avg_time": 72605117.0562623}}