{"model": {"index": 1191013.8399488183}, "product": {"avg_time": 341359.89966905734}}