{"model": {"index": 37384.52183710316}, "product": {"avg_time": 16082.520543937078}}