{"model": {"index": 563509804.5449389}, "product": {"avg_time": 90819126.6335585}}