{"model": {"index": 249155688.63377604}, "product": {"avg_time": 45523999.50498894}}