{"model": {"index": 55711.90763684608}, "product": {"avg_time": 26076.680245434625}}