{"model": {"index": 543135810.3254784}, "product": {"avg_time": 83479627.04939939}}