{"model": {"index": 21660176.235696055}, "product": {"avg_time": 5071030.200770785}}