{"model": {"index": 3302657.3017481337}, "product": {"avg_time": 885085.2436871099}}