{"model": {"index": 193935.43629878786}, "product": {"avg_time": 75459.06155300491}}