{"model": {"index": 192268.7705407204}, "product": {"avg_time": 74865.72832894509}}