{"model": {"index": 2115191.2372177658}, "product": {"avg_time": 572531.3861912749}}