{"model": {"index": 484275.991450124}, "product": {"avg_time": 173020.96647037528}}