{"model": {"index": 3370995.0370401214}, "product": {"avg_time": 867745.1938372337}}