{"model": {"index": 11.902292228896018}, "product": {"avg_time": 10.514841597145473}}