{"model": {"index": 80313238.04632327}, "product": {"avg_time": 14819811.121187147}}