{"model": {"index": 136194.38880282317}, "product": {"avg_time": 53939.316191132675}}