{"model": {"index": 264.7993753250281}, "product": {"avg_time": 170.83671655390512}}