{"model": {"index": 2596297.561091003}, "product": {"avg_time": 706830.5981003369}}