{"model": {"index": 40485.0821638822}, "product": {"avg_time": 16983.426286867056}}