{"model": {"index": 43793.03108668772}, "product": {"avg_time": 17731.55105912154}}