{"model": {"index": 24.264950557586754}, "product": {"avg_time": 23.64239359690252}}