{"model": {"index": 2748.0828953637656}, "product": {"avg_time": 1644.0390609835204}}