{"model": {"index": 48059774.89636158}, "product": {"avg_time": 10741741.400528833}}