{"model": {"index": 44469018.93378027}, "product": {"avg_time": 10049756.84221262}}