{"model": {"index": 7.671660687082897}, "product": {"avg_time": 7.98493175615733}}