{"model": {"index": 479.10322862297545}, "product": {"avg_time": 310.4449991752163}}