{"model": {"index": 811920.8587547245}, "product": {"avg_time": 264145.9316899568}}