{"model": {"index": 7402730.240660865}, "product": {"avg_time": 1954048.2970321418}}