{"model": {"index": 4043.9700540508493}, "product": {"avg_time": 2338.934888979436}}