{"model": {"index": 36.17943412189372}, "product": {"avg_time": 31.14909497861029}}