{"model": {"index": 3.6174908667423638}, "product": {"avg_time": 3.925422423802697}}