{"model": {"index": 483600.30732252076}, "product": {"avg_time": 164086.2525743942}}