{"model": {"index": 209.82390387452892}, "product": {"avg_time": 143.10481139645674}}