{"model": {"index": 45.090259712056096}, "product": {"avg_time": 35.45273754487857}}