{"model": {"index": 1.978192491951122}, "product": {"avg_time": 2.0963792615447994}}