{"model": {"index": 3293863.9969924623}, "product": {"avg_time": 882994.5343504123}}