{"model": {"index": 576480993.8255277}, "product": {"avg_time": 92314987.3661016}}