{"model": {"index": 2050589.999101417}, "product": {"avg_time": 647111.4467352855}}