{"model": {"index": 602.3412647428474}, "product": {"avg_time": 441.03672807463903}}