{"model": {"index": 413.71448778562274}, "product": {"avg_time": 246.4894730004973}}