{"model": {"index": 266.66273868651}, "product": {"avg_time": 172.08988503056182}}