{"model": {"index": 3691841.2216149373}, "product": {"avg_time": 1151517.9978759666}}