{"model": {"index": 23818.15844487189}, "product": {"avg_time": 9997.071659839945}}