{"model": {"index": 130005800.78547515}, "product": {"avg_time": 26631115.249482073}}