{"model": {"index": 3.6747506177006226}, "product": {"avg_time": 3.8349028287373605}}