{"model": {"index": 40528104.29003416}, "product": {"avg_time": 7574791.570194095}}