{"model": {"index": 605917857.1243701}, "product": {"avg_time": 103359822.76025933}}