{"model": {"index": 1570.3553710830379}, "product": {"avg_time": 960.5655158117233}}