{"model": {"index": 164557648.49772897}, "product": {"avg_time": 27957700.35813091}}