{"model": {"index": 196721481.87983117}, "product": {"avg_time": 38184674.218979545}}