{"model": {"index": 1269524.1113969677}, "product": {"avg_time": 356337.114558754}}