{"model": {"index": 8.454392788026963}, "product": {"avg_time": 8.444794492278906}}