{"model": {"index": 39137696.34676023}, "product": {"avg_time": 8174913.244070279}}