{"model": {"index": 256677.45336628344}, "product": {"avg_time": 86082.8467323952}}