{"model": {"index": 117325289.28266533}, "product": {"avg_time": 25521967.172435638}}