{"model": {"index": 1041814927.5639273}, "product": {"avg_time": 170966837.53912663}}