{"model": {"index": 4592.744458811491}, "product": {"avg_time": 2839.701955874242}}