{"model": {"index": 3406.754297459527}, "product": {"avg_time": 2015.8038633273015}}