{"model": {"index": 393173549.9751771}, "product": {"avg_time": 66000935.09022184}}