{"model": {"index": 550458.4290253583}, "product": {"avg_time": 182698.28596675518}}