{"model": {"index": 876962.160044302}, "product": {"avg_time": 297909.1660665849}}