{"model": {"index": 3.536671511247462}, "product": {"avg_time": 3.9489431308251417}}