{"model": {"index": 1.5514013316323527}, "product": {"avg_time": 1.553607455167915}}