{"model": {"index": 16.44344209937009}, "product": {"avg_time": 15.441856394710653}}