{"model": {"index": 1051.6644574602312}, "product": {"avg_time": 628.7298803935121}}