{"model": {"index": 2137206.981901285}, "product": {"avg_time": 591424.475508349}}