{"model": {"index": 4412.943261253476}, "product": {"avg_time": 2618.4957120346266}}