{"model": {"index": 893953043.6167685}, "product": {"avg_time": 126986046.52847299}}