{"model": {"index": 2800.321976181675}, "product": {"avg_time": 1376.213343667698}}