{"model": {"index": 75113396.48060605}, "product": {"avg_time": 14002376.539061693}}