{"model": {"index": 9561993.436219687}, "product": {"avg_time": 2662360.4308618954}}