{"model": {"index": 23.17582521526972}, "product": {"avg_time": 19.29922778584548}}