{"model": {"index": 388346.3995394434}, "product": {"avg_time": 136714.31852147874}}