{"model": {"index": 1.6387950728564395}, "product": {"avg_time": 1.7932261868462802}}