{"model": {"index": 2744.8159435599277}, "product": {"avg_time": 1559.0432468775882}}