{"model": {"index": 7771843.849701845}, "product": {"avg_time": 2136692.973194736}}