{"model": {"index": 269592.1601422561}, "product": {"avg_time": 110461.63640051393}}