{"model": {"index": 5469.428414742509}, "product": {"avg_time": 3283.674189429556}}