{"model": {"index": 67967.89817067458}, "product": {"avg_time": 30075.345571239544}}