{"model": {"index": 6400096.290145632}, "product": {"avg_time": 1791686.5764123437}}