{"model": {"index": 99985.88354462439}, "product": {"avg_time": 37268.45434533238}}