{"model": {"index": 76727.39512144237}, "product": {"avg_time": 30559.530681235217}}