{"model": {"index": 26533.920198295884}, "product": {"avg_time": 11862.071935227365}}