{"model": {"index": 585.919896219972}, "product": {"avg_time": 352.90647910004765}}