{"model": {"index": 667047178.3253254}, "product": {"avg_time": 116216696.13524199}}