{"model": {"index": 2.5857244424984223}, "product": {"avg_time": 2.605735952882673}}