{"model": {"index": 116432.27442705397}, "product": {"avg_time": 49059.33543988184}}