{"model": {"index": 267.3777719858396}, "product": {"avg_time": 200.37313277510964}}