{"model": {"index": 152.96392189117748}, "product": {"avg_time": 98.8255987118592}}