{"model": {"index": 1061.149451803319}, "product": {"avg_time": 634.0627730129481}}