{"model": {"index": 3431.2244955816827}, "product": {"avg_time": 2028.9790762968182}}