{"model": {"index": 115855655.59827252}, "product": {"avg_time": 23290866.367611565}}