{"model": {"index": 55.05309709415554}, "product": {"avg_time": 40.72563951668925}}