{"model": {"index": 113.43690677921636}, "product": {"avg_time": 76.19138343909881}}