{"model": {"index": 79934333.8123226}, "product": {"avg_time": 16867723.17729278}}