{"model": {"index": 20331985.07817898}, "product": {"avg_time": 4360234.835609561}}