{"model": {"index": 182.68877610450488}, "product": {"avg_time": 128.31509540509293}}