{"model": {"index": 13.758488929263551}, "product": {"avg_time": 12.003793836365205}}