{"model": {"index": 12851.750587555938}, "product": {"avg_time": 6043.981508928529}}