{"model": {"index": 141400.34565890115}, "product": {"avg_time": 60179.26001266586}}