{"model": {"index": 50243.939126964964}, "product": {"avg_time": 20287.686194814145}}