{"model": {"index": 54.87908079806512}, "product": {"avg_time": 41.45145858259267}}