{"model": {"index": 45067.013321328224}, "product": {"avg_time": 18286.11046150303}}