{"model": {"index": 65244.2329318649}, "product": {"avg_time": 27522.05594355213}}