{"model": {"index": 243694.93709910059}, "product": {"avg_time": 77766.25983933943}}