{"model": {"index": 478669351.2013958}, "product": {"avg_time": 76919648.89661585}}