{"model": {"index": 3500186.8705076342}, "product": {"avg_time": 989842.368294441}}