{"model": {"index": 394250.2491573388}, "product": {"avg_time": 140668.59041661548}}