{"model": {"index": 90765.43436864081}, "product": {"avg_time": 31712.966735196107}}