{"model": {"index": 23534.213581382224}, "product": {"avg_time": 10720.05779734036}}