{"model": {"index": 419885588.2767288}, "product": {"avg_time": 72092584.59559523}}