{"model": {"index": 780655166.1366808}, "product": {"avg_time": 121802383.95365094}}