{"model": {"index": 246050.61855389277}, "product": {"avg_time": 78440.07772158006}}