{"model": {"index": 778.8604599539258}, "product": {"avg_time": 518.6273424200422}}