{"model": {"index": 3713.6499866817667}, "product": {"avg_time": 2232.276482130862}}