{"model": {"index": 4336.220285402379}, "product": {"avg_time": 2474.5822334254135}}