{"model": {"index": 1759.9547833267593}, "product": {"avg_time": 955.3170143115899}}