{"model": {"index": 7537059.421174049}, "product": {"avg_time": 2071844.0774710185}}