{"model": {"index": 12782.278993680859}, "product": {"avg_time": 5537.517490659752}}