{"model": {"index": 6.191127444617048}, "product": {"avg_time": 6.1245057339546936}}