{"model": {"index": 34917528.55794806}, "product": {"avg_time": 7075297.550488059}}