{"model": {"index": 3089025.5534677836}, "product": {"avg_time": 824847.4337669723}}