{"model": {"index": 7.723731183790396}, "product": {"avg_time": 8.526484249930416}}