{"model": {"index": 6.1836114173918135}, "product": {"avg_time": 6.425034119933705}}