{"model": {"index": 106.36959044209217}, "product": {"avg_time": 73.29734414347023}}