{"model": {"index": 11646.671962404173}, "product": {"avg_time": 5464.494227468406}}