{"model": {"index": 18635567.10592214}, "product": {"avg_time": 4249888.9128022725}}