{"model": {"index": 13837.584281783313}, "product": {"avg_time": 6819.327849741738}}