{"model": {"index": 9218.954713325887}, "product": {"avg_time": 4310.346253791354}}