{"model": {"index": 21323.82424368095}, "product": {"avg_time": 9769.363789573123}}