{"model": {"index": 447.0292361519028}, "product": {"avg_time": 265.6474454371016}}