{"model": {"index": 20.055512903150944}, "product": {"avg_time": 16.861568445997467}}