{"model": {"index": 12842073.10397343}, "product": {"avg_time": 3203237.0351543417}}