{"model": {"index": 309230.541285144}, "product": {"avg_time": 120588.84045779852}}