{"model": {"index": 7879.914879798794}, "product": {"avg_time": 3920.9710674672797}}