{"model": {"index": 82763180.4204828}, "product": {"avg_time": 15429086.422173021}}