{"model": {"index": 26759108.10765745}, "product": {"avg_time": 5865028.729496204}}