{"model": {"index": 149548192.1086277}, "product": {"avg_time": 26391768.764975037}}