{"model": {"index": 895.9659692087972}, "product": {"avg_time": 513.6127461897746}}