{"model": {"index": 278.0221487030734}, "product": {"avg_time": 210.5620725665369}}