{"model": {"index": 17.61018450422779}, "product": {"avg_time": 15.892001004152393}}