{"model": {"index": 9497.311466819929}, "product": {"avg_time": 4472.7719300689105}}