{"model": {"index": 6.311535663008791}, "product": {"avg_time": 6.801015491194622}}