{"model": {"index": 3405.6561832731063}, "product": {"avg_time": 1964.0997099166889}}