{"model": {"index": 160.7284715174655}, "product": {"avg_time": 117.53280728433502}}