{"model": {"index": 1246028.6187029718}, "product": {"avg_time": 390293.1264169062}}