{"model": {"index": 222.76225774853387}, "product": {"avg_time": 151.53868855073927}}