{"model": {"index": 46464.034559321466}, "product": {"avg_time": 19429.99234612065}}