{"model": {"index": 17306285.6132308}, "product": {"avg_time": 4145381.968794747}}