{"model": {"index": 10.718553394503436}, "product": {"avg_time": 9.60386203201183}}