{"model": {"index": 4.409803082576905}, "product": {"avg_time": 4.4884290406489}}