{"model": {"index": 309469.23049867514}, "product": {"avg_time": 124941.29792058568}}