{"model": {"index": 3133.560883841391}, "product": {"avg_time": 1834.9432943515844}}