{"model": {"index": 2257525.1994515746}, "product": {"avg_time": 671886.6003705771}}