{"model": {"index": 4.914596110729027}, "product": {"avg_time": 4.802125870280904}}