{"model": {"index": 2.337504309157422}, "product": {"avg_time": 2.4236180928307647}}