{"model": {"index": 692825656.1955148}, "product": {"avg_time": 122936443.79181954}}