{"model": {"index": 1.919536644157741}, "product": {"avg_time": 1.9800104632947877}}