{"model": {"index": 2.39651070568787}, "product": {"avg_time": 2.497901000453961}}