{"model": {"index": 6985437.843436961}, "product": {"avg_time": 1883234.5699439317}}