{"model": {"index": 652884992.5000287}, "product": {"avg_time": 106273913.30107999}}