{"model": {"index": 12287.48030866676}, "product": {"avg_time": 6321.449452131125}}