{"model": {"index": 140.19147621242195}, "product": {"avg_time": 96.32388968361698}}