{"model": {"index": 27865951.204064876}, "product": {"avg_time": 5920153.522776427}}