{"model": {"index": 3.5818874538990975}, "product": {"avg_time": 3.622028050464502}}