{"model": {"index": 1111.1832894642992}, "product": {"avg_time": 675.8044512695993}}