{"model": {"index": 4.031407664888523}, "product": {"avg_time": 4.298428549235783}}