{"model": {"index": 2707.786287315151}, "product": {"avg_time": 1496.4856762168451}}