{"model": {"index": 1730276.813582573}, "product": {"avg_time": 497490.3147650156}}