{"model": {"index": 423819.7675333938}, "product": {"avg_time": 147004.47541851018}}