{"model": {"index": 962372871.0073261}, "product": {"avg_time": 139435938.23515934}}