{"model": {"index": 3.3040554605403294}, "product": {"avg_time": 2.856188505832571}}