{"model": {"index": 251531.9920600398}, "product": {"avg_time": 104410.41129696698}}