{"model": {"index": 6051136.45114706}, "product": {"avg_time": 1691633.4564162216}}