{"model": {"index": 52.664513958428685}, "product": {"avg_time": 44.01501084356838}}