{"model": {"index": 186277042.21966785}, "product": {"avg_time": 32589023.414245185}}