{"model": {"index": 13.51081155267421}, "product": {"avg_time": 11.744172410873094}}