{"model": {"index": 900914.9805848241}, "product": {"avg_time": 281077.3554324033}}