{"model": {"index": 58.284433710326304}, "product": {"avg_time": 48.31912067912223}}