{"model": {"index": 246392.77609595456}, "product": {"avg_time": 83193.1103511188}}