{"model": {"index": 9483.236034243066}, "product": {"avg_time": 4589.149058918117}}