{"model": {"index": 402379164.9510089}, "product": {"avg_time": 70002332.05155316}}