{"model": {"index": 112941883.03698604}, "product": {"avg_time": 21248522.34146052}}