{"model": {"index": 156.29600402757256}, "product": {"avg_time": 115.58425141869337}}