{"model": {"index": 214111006.35585624}, "product": {"avg_time": 40250305.19552076}}