{"model": {"index": 1153440748.199803}, "product": {"avg_time": 183786043.70178822}}