{"model": {"index": 2.9548948132425346}, "product": {"avg_time": 2.5839824849952477}}