{"model": {"index": 921282.7731919357}, "product": {"avg_time": 326154.5829833451}}