{"model": {"index": 1813.5768290241951}, "product": {"avg_time": 982.5214510335644}}