{"model": {"index": 120641682.35299866}, "product": {"avg_time": 22687282.084800348}}