{"model": {"index": 542421063.7581133}, "product": {"avg_time": 87568759.04683498}}