{"model": {"index": 161.09155435944552}, "product": {"avg_time": 102.02564565594321}}