{"model": {"index": 191031.66175560738}, "product": {"avg_time": 74427.59191512364}}