{"model": {"index": 20.551223216458656}, "product": {"avg_time": 18.89283452473387}}