{"model": {"index": 9009088.654580515}, "product": {"avg_time": 2376711.596979946}}