{"model": {"index": 1183.9952278653743}, "product": {"avg_time": 715.4598844913896}}