{"model": {"index": 83923151.26833889}, "product": {"avg_time": 19006063.31030487}}