{"model": {"index": 113975.45428196233}, "product": {"avg_time": 47627.793850684626}}