{"model": {"index": 185815603.50319278}, "product": {"avg_time": 32520362.485536847}}