{"model": {"index": 15024.001603969804}, "product": {"avg_time": 7132.884291667966}}