{"model": {"index": 326275508.7899931}, "product": {"avg_time": 49556966.404913254}}