{"model": {"index": 3718896.071060734}, "product": {"avg_time": 1159171.7701582806}}