{"model": {"index": 245.45671466612228}, "product": {"avg_time": 160.9063678512987}}