{"model": {"index": 506.26005488205476}, "product": {"avg_time": 320.26580517535757}}