{"model": {"index": 8481569.198765518}, "product": {"avg_time": 2244384.2559274375}}