{"model": {"index": 30448307.380330943}, "product": {"avg_time": 6905942.295009688}}