{"model": {"index": 53.02882491634311}, "product": {"avg_time": 47.90955712123708}}