{"model": {"index": 6.7858125935937865}, "product": {"avg_time": 7.192485279418354}}