{"model": {"index": 67.04261171561686}, "product": {"avg_time": 48.685413110495176}}