{"model": {"index": 12429576.03007037}, "product": {"avg_time": 3566093.461049325}}