{"model": {"index": 1199752.4515661416}, "product": {"avg_time": 399626.66857555107}}