{"model": {"index": 13356.328363204995}, "product": {"avg_time": 6602.968608107848}}