{"model": {"index": 98495099.45022865}, "product": {"avg_time": 19658908.29926633}}