{"model": {"index": 232085846.9310668}, "product": {"avg_time": 43721568.29939635}}