{"model": {"index": 5154533.334594801}, "product": {"avg_time": 1270349.7493126101}}