{"model": {"index": 1471438888.3753202}, "product": {"avg_time": 198362197.8660597}}