{"model": {"index": 4575635.144384117}, "product": {"avg_time": 1236679.8539460436}}