{"model": {"index": 5351867.441823104}, "product": {"avg_time": 1392156.5977436742}}