{"model": {"index": 16563.613418817287}, "product": {"avg_time": 8381.923787390479}}