{"model": {"index": 401497710.2976307}, "product": {"avg_time": 69861069.54359517}}