{"model": {"index": 1515538080.836342}, "product": {"avg_time": 210035882.0938151}}