{"model": {"index": 160358.31224085344}, "product": {"avg_time": 67791.36069922874}}