{"model": {"index": 5841270.1234495295}, "product": {"avg_time": 1428243.601010528}}