{"model": {"index": 2875.5208229951522}, "product": {"avg_time": 1741.877644603507}}