{"model": {"index": 2907005.446663311}, "product": {"avg_time": 794172.2400250058}}