{"model": {"index": 82640841.76138891}, "product": {"avg_time": 17158246.281905428}}