{"model": {"index": 9.32128357023394}, "product": {"avg_time": 9.182815917535095}}