{"model": {"index": 50772111.06649818}, "product": {"avg_time": 10947575.330274954}}