{"model": {"index": 141527.07705787837}, "product": {"avg_time": 57147.75947197836}}