{"model": {"index": 35388.69426186625}, "product": {"avg_time": 13907.222332612482}}