{"model": {"index": 38833876.39606042}, "product": {"avg_time": 9011410.077787692}}