{"model": {"index": 7.6767636901681655}, "product": {"avg_time": 7.781527289580908}}