{"model": {"index": 20.361950135216794}, "product": {"avg_time": 18.679766920614263}}