{"model": {"index": 262179.31413961085}, "product": {"avg_time": 95862.18997208826}}