{"model": {"index": 155.66439403655218}, "product": {"avg_time": 110.55394524367563}}