{"model": {"index": 12382710.255616361}, "product": {"avg_time": 3411193.5758394334}}