{"model": {"index": 1715062.415164726}, "product": {"avg_time": 461388.32944751176}}