{"model": {"index": 185651030.149698}, "product": {"avg_time": 32852632.705620702}}