{"model": {"index": 996.7940275441835}, "product": {"avg_time": 591.0499111729712}}