{"model": {"index": 3.414262464594811}, "product": {"avg_time": 3.184184545461363}}