{"model": {"index": 39214359.96596708}, "product": {"avg_time": 7049104.11034593}}