{"model": {"index": 19026.721507829938}, "product": {"avg_time": 9179.503812482408}}