{"model": {"index": 48.18953286571456}, "product": {"avg_time": 37.52119487679237}}