{"model": {"index": 40775095.9682936}, "product": {"avg_time": 9547044.009656118}}