{"model": {"index": 396237.1094770671}, "product": {"avg_time": 141290.31291982072}}