{"model": {"index": 275.97637458748716}, "product": {"avg_time": 204.92275292566964}}