{"model": {"index": 461916.9435369862}, "product": {"avg_time": 154869.22018214324}}