{"model": {"index": 1024329470.9148742}, "product": {"avg_time": 159182118.5683992}}