{"model": {"index": 3740547.723308039}, "product": {"avg_time": 1064909.0074028694}}