{"model": {"index": 6156.154102523115}, "product": {"avg_time": 3257.275188474444}}