{"model": {"index": 2.066943209317995}, "product": {"avg_time": 2.2811258387904148}}