{"model": {"index": 16199.509542122738}, "product": {"avg_time": 7540.34008996588}}