{"model": {"index": 129.98059356319658}, "product": {"avg_time": 84.97739373356231}}