{"model": {"index": 55.15123507580062}, "product": {"avg_time": 41.806452266494475}}