{"model": {"index": 159214213.32166955}, "product": {"avg_time": 30790586.80134346}}