{"model": {"index": 87776.50269863334}, "product": {"avg_time": 30598.958992664717}}