{"model": {"index": 9093539.112606963}, "product": {"avg_time": 2511742.5853714533}}