{"model": {"index": 8.610960477506993}, "product": {"avg_time": 8.693425693183634}}