{"model": {"index": 2730.229513987758}, "product": {"avg_time": 1354.261178096898}}