{"model": {"index": 729246.3451870686}, "product": {"avg_time": 236553.77177438227}}