{"model": {"index": 4411.118665190959}, "product": {"avg_time": 2744.5906044292983}}