{"model": {"index": 1842763.358585829}, "product": {"avg_time": 526667.7716212724}}