{"model": {"index": 108586.04182672706}, "product": {"avg_time": 38978.6805304781}}