{"model": {"index": 7566808.475338719}, "product": {"avg_time": 2079188.4944023793}}