{"model": {"index": 24.39434670740949}, "product": {"avg_time": 21.458218474252234}}