{"model": {"index": 35177.19738230884}, "product": {"avg_time": 13830.201795338187}}