{"model": {"index": 24925.578470914752}, "product": {"avg_time": 11879.226809863221}}