{"model": {"index": 771.1208532591791}, "product": {"avg_time": 504.5441203664151}}