{"model": {"index": 2122750.8540538023}, "product": {"avg_time": 587873.4744661141}}