{"model": {"index": 131.74884695840805}, "product": {"avg_time": 93.48948957584442}}