{"model": {"index": 19664.146513281747}, "product": {"avg_time": 9512.913739951735}}