{"model": {"index": 112559.12450846739}, "product": {"avg_time": 40253.000532967875}}