{"model": {"index": 592330813.1749882}, "product": {"avg_time": 91240486.36722122}}