{"model": {"index": 207.95021268126214}, "product": {"avg_time": 135.4050241191866}}