{"model": {"index": 175543.22383258704}, "product": {"avg_time": 72510.5881039513}}