{"model": {"index": 18752973.41929994}, "product": {"avg_time": 4279215.602000203}}