{"model": {"index": 71.44719847314005}, "product": {"avg_time": 57.906903867417675}}