{"model": {"index": 188758189.91803676}, "product": {"avg_time": 36039374.91286344}}