{"model": {"index": 33.352731034796925}, "product": {"avg_time": 26.26585031434374}}