{"model": {"index": 32.350941123144935}, "product": {"avg_time": 30.268111528789536}}