{"model": {"index": 760691.5683335764}, "product": {"avg_time": 256530.65901630386}}