{"model": {"index": 1.7710453041582055}, "product": {"avg_time": 1.8947122957275788}}