{"model": {"index": 1865.1544142722878}, "product": {"avg_time": 1148.0738818479133}}