{"model": {"index": 50851551.183155805}, "product": {"avg_time": 11238386.62884859}}