{"model": {"index": 3.4198273577198712}, "product": {"avg_time": 3.025829895420264}}