{"model": {"index": 16593.678635609715}, "product": {"avg_time": 7983.7043680727365}}