{"model": {"index": 365545560.55936766}, "product": {"avg_time": 62406088.241379}}