{"model": {"index": 3.658931344027344}, "product": {"avg_time": 4.023790645328688}}