{"model": {"index": 38723203.94095562}, "product": {"avg_time": 8988478.68283576}}