{"model": {"index": 949599656.0688889}, "product": {"avg_time": 142940671.5863719}}