{"model": {"index": 15075763.222065391}, "product": {"avg_time": 3781215.485755068}}