{"model": {"index": 46258.73488780102}, "product": {"avg_time": 19347.95940681608}}