{"model": {"index": 13.176949851174015}, "product": {"avg_time": 13.801948211892185}}