{"model": {"index": 1042883.6734859511}, "product": {"avg_time": 344595.7537238714}}