{"model": {"index": 3483298.082216313}, "product": {"avg_time": 937606.0352160139}}