{"model": {"index": 24916345.92464363}, "product": {"avg_time": 5133407.493609349}}