{"model": {"index": 1214.199778358828}, "product": {"avg_time": 800.8032539696662}}