{"model": {"index": 3557.9167536392238}, "product": {"avg_time": 2158.223656041866}}