{"model": {"index": 1371570.020183348}, "product": {"avg_time": 428182.75581676536}}