{"model": {"index": 668182635.924541}, "product": {"avg_time": 110429047.71847725}}