{"model": {"index": 987.3029499644088}, "product": {"avg_time": 540.9939898863508}}