{"model": {"index": 23.618108880449796}, "product": {"avg_time": 22.45624186674405}}