{"model": {"index": 27.51343420293823}, "product": {"avg_time": 25.823907131911216}}