{"model": {"index": 7.701979481512178}, "product": {"avg_time": 8.084980284446692}}