{"model": {"index": 28214713.95257451}, "product": {"avg_time": 6304375.846172648}}