{"model": {"index": 26502588.52343036}, "product": {"avg_time": 6118494.446287564}}