{"model": {"index": 1710756.116491433}, "product": {"avg_time": 470497.8282270808}}