{"model": {"index": 27525738.55954547}, "product": {"avg_time": 5599937.819778559}}