{"model": {"index": 24432.700175241185}, "product": {"avg_time": 9966.16924435111}}