{"model": {"index": 118512.5496555269}, "product": {"avg_time": 47877.091909876304}}