{"model": {"index": 294.47940498023223}, "product": {"avg_time": 218.49823747408556}}