{"model": {"index": 53261416.44505469}, "product": {"avg_time": 11633588.694216898}}