{"model": {"index": 31.383097015740944}, "product": {"avg_time": 26.211045586311382}}