{"model": {"index": 222968.1657610937}, "product": {"avg_time": 78453.09135072179}}