{"model": {"index": 1211.5494500625255}, "product": {"avg_time": 765.317834001349}}