{"model": {"index": 562506545.3378859}, "product": {"avg_time": 90671743.44371141}}