{"model": {"index": 645476.3379610988}, "product": {"avg_time": 221462.99455330553}}