{"model": {"index": 6.149477831487795}, "product": {"avg_time": 5.289748552754889}}