{"model": {"index": 473.0540989011018}, "product": {"avg_time": 281.36458475056537}}