{"model": {"index": 76.97966102132297}, "product": {"avg_time": 63.478374499899324}}