{"model": {"index": 5474.988257790292}, "product": {"avg_time": 3118.0434554204717}}