{"model": {"index": 103.84163032981003}, "product": {"avg_time": 70.43785683823648}}