{"model": {"index": 260.39566033164766}, "product": {"avg_time": 168.04305961843428}}