{"model": {"index": 68911000.30280031}, "product": {"avg_time": 13352101.29473291}}