{"model": {"index": 13.039167207960912}, "product": {"avg_time": 13.586359244771424}}