{"model": {"index": 571.4071634602044}, "product": {"avg_time": 416.33725659142823}}