{"model": {"index": 20.07227114545118}, "product": {"avg_time": 17.65933429361429}}