{"model": {"index": 880250.9455764934}, "product": {"avg_time": 298902.2615546586}}