{"model": {"index": 885401.3957136396}, "product": {"avg_time": 271034.8527420218}}