{"estimate": {"benchmark": 10.358420376251017, "falsepos": 0.0, "time": 14599.51240262178}, "train_full": {"meanscore": 1.0}}