{"estimate": {"benchmark": 8.94190335368491, "falsepos": 0.0, "time": 4948.388150600921}, "train_full": {"meanscore": 1.0}}