{"estimate": {"benchmark": 16.831750067609924, "falsepos": 0.0, "time": 3925980.848796442}, "train_full": {"meanscore": 1.0}}