{"estimate": {"benchmark": 16.041306629896695, "falsepos": 0.0, "time": 2184580.066244347}, "train_full": {"meanscore": 1.0}}