{"estimate": {"benchmark": 2.4432159410460033, "falsepos": 0.0004840944165854788, "time": 13.761600749238779}, "train_full": {"meanscore": 0.9997809705604042}}