{"estimate": {"benchmark": 10.078698462715662, "falsepos": 0.0, "time": 11078.91243142911}, "train_full": {"meanscore": 1.0}}