{"estimate": {"benchmark": 22.281132863768267, "falsepos": 0.0, "time": 453812962.1526909}, "train_full": {"meanscore": 1.0}}