{"estimate": {"benchmark": 24.470093965586795, "falsepos": 0.0, "time": 3456111471.588292}, "train_full": {"meanscore": 1.0}}