{"estimate": {"benchmark": 23.081708745304578, "falsepos": 0.0, "time": 1108346930.8134396}, "train_full": {"meanscore": 1.0}}