{"estimate": {"benchmark": 20.844463642077155, "falsepos": 0.0, "time": 136379200.2556642}, "train_full": {"meanscore": 1.0}}