{"estimate": {"benchmark": 2.065153387910475, "falsepos": 0.004133088899239468, "time": 9.474894377535334}, "train_full": {"meanscore": 0.9971769356505541}}