{"estimate": {"benchmark": 1.6954524871414327, "falsepos": 0.015854734786932, "time": 7.383862123135732}, "train_full": {"meanscore": 0.9931764097298857}}