{"estimate": {"benchmark": 5.139671222113885, "falsepos": 1.872058064122939e-12, "time": 167.36349064970972}, "train_full": {"meanscore": 0.9999999999999861}}