{"estimate": {"benchmark": 22.21151559612082, "falsepos": 0.0, "time": 497434020.9835496}, "train_full": {"meanscore": 1.0}}