{"estimate": {"benchmark": 13.67690964723987, "falsepos": 0.0, "time": 288157.5430554407}, "train_full": {"meanscore": 1.0}}