{"estimate": {"benchmark": 0.8340108202371339, "falsepos": 0.1057670820703498, "time": 3.6678383276459074}, "train_full": {"meanscore": 0.9190448271788976}}