{"estimate": {"benchmark": 25.256213765444613, "falsepos": 0.0, "time": 7365492812.730278}, "train_full": {"meanscore": 1.0}}