{"estimate": {"benchmark": 10.143398321666377, "falsepos": 0.0, "time": 12269.301417251812}, "train_full": {"meanscore": 1.0}}