{"estimate": {"benchmark": 12.857572830173858, "falsepos": 0.0, "time": 123434.5571050847}, "train_full": {"meanscore": 1.0}}