{"estimate": {"benchmark": 6.1881588519615285, "falsepos": 4.440892098500626e-16, "time": 326.50671619094675}, "train_full": {"meanscore": 1.0}}