{"estimate": {"benchmark": 25.31005464756118, "falsepos": 0.0, "time": 7480486029.70427}, "train_full": {"meanscore": 1.0}}