{"estimate": {"benchmark": 13.771652270786342, "falsepos": 0.0, "time": 256401.12552141518}, "train_full": {"meanscore": 1.0}}