{"estimate": {"benchmark": 24.035970395485904, "falsepos": 0.0, "time": 2827656424.9958096}, "train_full": {"meanscore": 1.0}}