{"estimate": {"benchmark": 15.7214707885507, "falsepos": 0.0, "time": 1454907.5488696126}, "train_full": {"meanscore": 1.0}}