{"estimate": {"benchmark": 20.808181366459348, "falsepos": 0.0, "time": 169726991.92803147}, "train_full": {"meanscore": 1.0}}