{"estimate": {"benchmark": 5.795977280070391, "falsepos": 1.7763568394002505e-15, "time": 321.6068912516487}, "train_full": {"meanscore": 1.0}}