{"estimate": {"benchmark": 4.47525117499564, "falsepos": 1.8447264826804144e-09, "time": 81.15860521416076}, "train_full": {"meanscore": 0.9999999998923629}}