{"estimate": {"benchmark": 10.92289240769856, "falsepos": 0.0, "time": 28002.051703869547}, "train_full": {"meanscore": 1.0}}