{"estimate": {"benchmark": 15.073790594469537, "falsepos": 0.0, "time": 933240.8186037801}, "train_full": {"meanscore": 1.0}}