{"estimate": {"benchmark": 10.908506529649202, "falsepos": 0.0, "time": 26643.14253079638}, "train_full": {"meanscore": 1.0}}