{"estimate": {"benchmark": 21.431898481565515, "falsepos": 0.0, "time": 223805808.55089247}, "train_full": {"meanscore": 1.0}}