{"estimate": {"benchmark": 1.340583132568802, "falsepos": 0.049242184413326284, "time": 5.208669565790755}, "train_full": {"meanscore": 0.9675394317184132}}