{"estimate": {"benchmark": 9.350993919694202, "falsepos": 0.0, "time": 6335.28756600338}, "train_full": {"meanscore": 1.0}}