{"estimate": {"benchmark": 11.588125714171625, "falsepos": 0.0, "time": 46751.53955997761}, "train_full": {"meanscore": 1.0}}