{"estimate": {"benchmark": 3.5607266932758947, "falsepos": 1.1700929392066683e-06, "time": 35.11203517587388}, "train_full": {"meanscore": 0.9999998059525065}}