{"estimate": {"benchmark": 17.039240757069933, "falsepos": 0.0, "time": 5033229.978198677}, "train_full": {"meanscore": 1.0}}