{"estimate": {"benchmark": 16.06617421206484, "falsepos": 0.0, "time": 2384083.8248096737}, "train_full": {"meanscore": 1.0}}