{"estimate": {"benchmark": 4.990123270447297, "falsepos": 2.096867124379287e-11, "time": 144.53805599050378}, "train_full": {"meanscore": 0.9999999999998868}}