{"estimate": {"benchmark": 9.582670192183812, "falsepos": 0.0, "time": 7887.606209241925}, "train_full": {"meanscore": 1.0}}