{"estimate": {"benchmark": 23.000697495949982, "falsepos": 0.0, "time": 929572643.3182629}, "train_full": {"meanscore": 1.0}}