{"estimate": {"benchmark": 1.4960162357744091, "falsepos": 0.03155959233595784, "time": 5.419891643728767}, "train_full": {"meanscore": 0.9694352749233737}}