{"estimate": {"benchmark": 17.560513029773045, "falsepos": 0.0, "time": 8428499.712984435}, "train_full": {"meanscore": 1.0}}