{"estimate": {"benchmark": 7.252523771239636, "falsepos": 0.0, "time": 932.0074430030426}, "train_full": {"meanscore": 1.0}}