{"estimate": {"benchmark": 1.484122905915861, "falsepos": 0.023297842121646317, "time": 4.958134463912252}, "train_full": {"meanscore": 0.9819753411087412}}