{"estimate": {"benchmark": 21.778225720186306, "falsepos": 0.0, "time": 279358602.03682756}, "train_full": {"meanscore": 1.0}}