{"estimate": {"benchmark": 1.9443447467440746, "falsepos": 0.00341649751957962, "time": 8.94182652252172}, "train_full": {"meanscore": 0.9986139868880264}}