{"estimate": {"benchmark": 1.7361717221973374, "falsepos": 0.00700466734616878, "time": 8.34828432140979}, "train_full": {"meanscore": 0.9959227792938684}}