{"estimate": {"benchmark": 9.032097036222526, "falsepos": 0.0, "time": 3659.5890597634257}, "train_full": {"meanscore": 1.0}}