{"estimate": {"benchmark": 16.57713223365534, "falsepos": 0.0, "time": 2570657.430891012}, "train_full": {"meanscore": 1.0}}