{"estimate": {"benchmark": 2.255987801263979, "falsepos": 0.0008220810705442672, "time": 11.411528973273308}, "train_full": {"meanscore": 0.9997546376603546}}