{"estimate": {"benchmark": 14.962960696237682, "falsepos": 0.0, "time": 682261.7764912728}, "train_full": {"meanscore": 1.0}}