{"estimate": {"benchmark": 16.546707800877208, "falsepos": 0.0, "time": 2740892.1891158987}, "train_full": {"meanscore": 1.0}}