{"estimate": {"benchmark": 5.6193932404591065, "falsepos": 1.554312234475219e-14, "time": 225.19900219538204}, "train_full": {"meanscore": 0.9999999999999998}}