{"estimate": {"benchmark": 25.011526949711758, "falsepos": 0.0, "time": 6246512707.625425}, "train_full": {"meanscore": 1.0}}