{"estimate": {"benchmark": 19.754928964058692, "falsepos": 0.0, "time": 49481569.00296955}, "train_full": {"meanscore": 1.0}}