{"estimate": {"benchmark": 15.019328296514425, "falsepos": 0.0, "time": 796478.7207522563}, "train_full": {"meanscore": 1.0}}