{"estimate": {"benchmark": 15.05580397660946, "falsepos": 0.0, "time": 755845.8745950242}, "train_full": {"meanscore": 1.0}}