{"estimate": {"benchmark": 15.031339245085913, "falsepos": 0.0, "time": 691106.1930132732}, "train_full": {"meanscore": 1.0}}