{"estimate": {"benchmark": 5.800252839195567, "falsepos": 8.881784197001252e-16, "time": 299.97452808502425}, "train_full": {"meanscore": 1.0}}