{"estimate": {"benchmark": 19.867506214578974, "falsepos": 0.0, "time": 49957004.64924705}, "train_full": {"meanscore": 1.0}}