{"estimate": {"benchmark": 13.729245044878152, "falsepos": 0.0, "time": 294147.4230715204}, "train_full": {"meanscore": 1.0}}