{"estimate": {"benchmark": 4.642110279971271, "falsepos": 3.4245983826508564e-10, "time": 96.5669988706178}, "train_full": {"meanscore": 0.9999999999930052}}