{"estimate": {"benchmark": 3.1143060188632643, "falsepos": 2.0730396103951776e-05, "time": 21.920220669086383}, "train_full": {"meanscore": 0.9999946796432643}}