{"estimate": {"benchmark": 1.9445110039536802, "falsepos": 0.005952141921864329, "time": 8.8095154421332}, "train_full": {"meanscore": 0.9973841521491393}}