{"estimate": {"benchmark": 10.61445873460852, "falsepos": 0.0, "time": 16607.816375962506}, "train_full": {"meanscore": 1.0}}