{"estimate": {"benchmark": 14.683577305902686, "falsepos": 0.0, "time": 623519.09619937}, "train_full": {"meanscore": 1.0}}