{"estimate": {"benchmark": 20.974112990928553, "falsepos": 0.0, "time": 195626230.41677925}, "train_full": {"meanscore": 1.0}}