{"estimate": {"benchmark": 6.0800420831072035, "falsepos": 4.440892098500626e-16, "time": 342.5025646548966}, "train_full": {"meanscore": 1.0}}