{"estimate": {"benchmark": 24.77812847355805, "falsepos": 0.0, "time": 4013113197.8975387}, "train_full": {"meanscore": 1.0}}