{"estimate": {"benchmark": 10.908569933336523, "falsepos": 0.0, "time": 26636.549308919155}, "train_full": {"meanscore": 1.0}}