{"estimate": {"benchmark": 15.78249551447606, "falsepos": 0.0, "time": 1439609.305684141}, "train_full": {"meanscore": 1.0}}