{"estimate": {"benchmark": 8.374783333962599, "falsepos": 0.0, "time": 2251.665481295121}, "train_full": {"meanscore": 1.0}}