{"estimate": {"benchmark": 10.748427447696928, "falsepos": 0.0, "time": 20937.453304506496}, "train_full": {"meanscore": 1.0}}