{"estimate": {"benchmark": 19.36773218248746, "falsepos": 0.0, "time": 39971886.46071931}, "train_full": {"meanscore": 1.0}}