{"estimate": {"benchmark": 12.560673727346416, "falsepos": 0.0, "time": 97411.1626764587}, "train_full": {"meanscore": 1.0}}