{"estimate": {"benchmark": 13.891846276199347, "falsepos": 0.0, "time": 333774.7409236236}, "train_full": {"meanscore": 1.0}}