{"estimate": {"benchmark": 7.421044130278165, "falsepos": 0.0, "time": 1090.2924159836757}, "train_full": {"meanscore": 1.0}}