{"estimate": {"benchmark": 16.39648416998839, "falsepos": 0.0, "time": 2643662.678160877}, "train_full": {"meanscore": 1.0}}