{"estimate": {"benchmark": 17.986407791774834, "falsepos": 0.0, "time": 12575338.140196083}, "train_full": {"meanscore": 1.0}}