{"estimate": {"benchmark": 4.05724183541505, "falsepos": 2.9004181278935448e-08, "time": 63.491364055654785}, "train_full": {"meanscore": 0.9999999975161066}}