{"estimate": {"benchmark": 20.71015822797318, "falsepos": 0.0, "time": 103818771.24706408}, "train_full": {"meanscore": 1.0}}