{"estimate": {"benchmark": 7.622704800112058, "falsepos": 0.0, "time": 1234.0324049506378}, "train_full": {"meanscore": 1.0}}