{"estimate": {"benchmark": 8.374934873300226, "falsepos": 0.0, "time": 2253.2114258481142}, "train_full": {"meanscore": 1.0}}