{"estimate": {"benchmark": 6.929832131368456, "falsepos": 0.0, "time": 661.2306543302756}, "train_full": {"meanscore": 1.0}}