{"estimate": {"benchmark": 2.0621065848044444, "falsepos": 0.004289731032758204, "time": 9.454739645935465}, "train_full": {"meanscore": 0.997201668606843}}