{"estimate": {"benchmark": 0.6626369920947082, "falsepos": 0.1556389521900935, "time": 2.6697113284778}, "train_full": {"meanscore": 0.8716186642165005}}