{"estimate": {"benchmark": 14.224947858155296, "falsepos": 0.0, "time": 376508.82844973536}, "train_full": {"meanscore": 1.0}}