{"estimate": {"benchmark": 25.634943648515318, "falsepos": 0.0, "time": 8539977830.779515}, "train_full": {"meanscore": 1.0}}