{"estimate": {"benchmark": 1.1588849449559633, "falsepos": 0.05725991141004649, "time": 4.228269306678469}, "train_full": {"meanscore": 0.9673691879131365}}