{"estimate": {"benchmark": 22.688823345653464, "falsepos": 0.0, "time": 560537072.7175895}, "train_full": {"meanscore": 1.0}}