{"estimate": {"benchmark": 2.353144103669968, "falsepos": 0.0007039067423713075, "time": 12.768852445436616}, "train_full": {"meanscore": 0.9997978537870637}}