{"estimate": {"benchmark": 5.558885494738986, "falsepos": 2.042810365310288e-14, "time": 216.77969776740835}, "train_full": {"meanscore": 0.9999999999999999}}