{"estimate": {"benchmark": 19.28209654145738, "falsepos": 0.0, "time": 31478136.73391023}, "train_full": {"meanscore": 1.0}}