{"estimate": {"benchmark": 17.580037296930062, "falsepos": 0.0, "time": 8564261.012388892}, "train_full": {"meanscore": 1.0}}