{"estimate": {"benchmark": 7.01092773986231, "falsepos": 0.0, "time": 733.5620301343465}, "train_full": {"meanscore": 1.0}}