{"estimate": {"benchmark": 14.691688525643544, "falsepos": 0.0, "time": 713499.9207179575}, "train_full": {"meanscore": 1.0}}