{"estimate": {"benchmark": 8.009752280736746, "falsepos": 0.0, "time": 1705.5790274033293}, "train_full": {"meanscore": 1.0}}