{"estimate": {"benchmark": 11.910565461374556, "falsepos": 0.0, "time": 59028.49006969624}, "train_full": {"meanscore": 1.0}}