{"estimate": {"benchmark": 19.04437249477791, "falsepos": 0.0, "time": 34222158.41842383}, "train_full": {"meanscore": 1.0}}