{"estimate": {"benchmark": 23.583264454481355, "falsepos": 0.0, "time": 1374412453.5324228}, "train_full": {"meanscore": 1.0}}