{"estimate": {"benchmark": 8.992474684644094, "falsepos": 0.0, "time": 4743.686422553599}, "train_full": {"meanscore": 1.0}}