{"estimate": {"benchmark": 25.21836291346194, "falsepos": 0.0, "time": 8105394467.723553}, "train_full": {"meanscore": 1.0}}