{"estimate": {"benchmark": 1.9784458845212762, "falsepos": 0.0036725761997142836, "time": 8.71356479115274}, "train_full": {"meanscore": 0.9983237442868144}}