{"estimate": {"benchmark": 13.115028277942333, "falsepos": 0.0, "time": 165587.3912058882}, "train_full": {"meanscore": 1.0}}