{"estimate": {"benchmark": 10.021915393969584, "falsepos": 0.0, "time": 11101.046514195026}, "train_full": {"meanscore": 1.0}}