{"estimate": {"benchmark": 6.891383211230456, "falsepos": 0.0, "time": 658.6952001311779}, "train_full": {"meanscore": 1.0}}