{"estimate": {"benchmark": 10.077202620440735, "falsepos": 0.0, "time": 11631.329595628584}, "train_full": {"meanscore": 1.0}}