{"estimate": {"benchmark": 6.210554771073892, "falsepos": 0.0, "time": 456.7141376334873}, "train_full": {"meanscore": 1.0}}