{"estimate": {"benchmark": 16.710791753145898, "falsepos": 0.0, "time": 4077991.651002796}, "train_full": {"meanscore": 1.0}}