{"estimate": {"benchmark": 8.95128575348561, "falsepos": 0.0, "time": 4346.7108993036645}, "train_full": {"meanscore": 1.0}}