{"estimate": {"benchmark": 10.667818433740488, "falsepos": 0.0, "time": 18698.757047345203}, "train_full": {"meanscore": 1.0}}