{"estimate": {"benchmark": 10.936540934371546, "falsepos": 0.0, "time": 28116.72875259391}, "train_full": {"meanscore": 1.0}}