{"estimate": {"benchmark": 15.36849479682391, "falsepos": 0.0, "time": 1026589.4006841999}, "train_full": {"meanscore": 1.0}}