{"estimate": {"benchmark": 14.330649175934061, "falsepos": 0.0, "time": 387128.0569068132}, "train_full": {"meanscore": 1.0}}