{"estimate": {"benchmark": 12.407260130424959, "falsepos": 0.0, "time": 89321.7958823928}, "train_full": {"meanscore": 1.0}}