{"estimate": {"benchmark": 20.98605031752822, "falsepos": 0.0, "time": 157246534.63233444}, "train_full": {"meanscore": 1.0}}