{"estimate": {"benchmark": 24.100571916856406, "falsepos": 0.0, "time": 2562794656.0854645}, "train_full": {"meanscore": 1.0}}