{"estimate": {"benchmark": 3.977090010387311, "falsepos": 2.10238196185486e-07, "time": 43.45802977703337}, "train_full": {"meanscore": 0.9999999845172801}}