{"estimate": {"benchmark": 10.439888773495598, "falsepos": 0.0, "time": 15109.702254702015}, "train_full": {"meanscore": 1.0}}