{"estimate": {"benchmark": 9.455981466928819, "falsepos": 0.0, "time": 5941.595862939991}, "train_full": {"meanscore": 1.0}}