{"estimate": {"benchmark": 13.29619318892341, "falsepos": 0.0, "time": 196221.6499322768}, "train_full": {"meanscore": 1.0}}