{"estimate": {"benchmark": 25.256343463760167, "falsepos": 0.0, "time": 7370564317.573144}, "train_full": {"meanscore": 1.0}}