{"estimate": {"benchmark": 0.6920198942059468, "falsepos": 0.2048173686010769, "time": 3.1548890873853175}, "train_full": {"meanscore": 0.7848485908009658}}