{"estimate": {"benchmark": 5.970511117363479, "falsepos": 4.440892098500626e-16, "time": 353.5216975537287}, "train_full": {"meanscore": 1.0}}