{"estimate": {"benchmark": 5.039687635170341, "falsepos": 2.3539614701917344e-11, "time": 139.6057480499841}, "train_full": {"meanscore": 0.9999999999997642}}