{"estimate": {"benchmark": 0.21602092072107512, "falsepos": 0.3623619922941801, "time": 1.6820909962915105}, "train_full": {"meanscore": 0.71745759266314}}