{"estimate": {"benchmark": 21.07323512294571, "falsepos": 0.0, "time": 162724877.21171242}, "train_full": {"meanscore": 1.0}}