{"estimate": {"benchmark": 21.064804198066668, "falsepos": 0.0, "time": 177957856.19524515}, "train_full": {"meanscore": 1.0}}