{"estimate": {"benchmark": 25.038612221962886, "falsepos": 0.0, "time": 6244951292.386207}, "train_full": {"meanscore": 1.0}}