{"estimate": {"benchmark": 11.328757342433104, "falsepos": 0.0, "time": 38927.11146152147}, "train_full": {"meanscore": 1.0}}