{"estimate": {"benchmark": 13.878801760373978, "falsepos": 0.0, "time": 337759.9722668421}, "train_full": {"meanscore": 1.0}}