{"estimate": {"benchmark": 19.910976761683187, "falsepos": 0.0, "time": 59394191.22512599}, "train_full": {"meanscore": 1.0}}