{"estimate": {"benchmark": 24.79933144242559, "falsepos": 0.0, "time": 4270206454.8095927}, "train_full": {"meanscore": 1.0}}