{"estimate": {"benchmark": 17.572000335470612, "falsepos": 0.0, "time": 7803500.024484001}, "train_full": {"meanscore": 1.0}}