{"estimate": {"benchmark": 22.150968416166823, "falsepos": 0.0, "time": 344623243.1816954}, "train_full": {"meanscore": 1.0}}