{"estimate": {"benchmark": 11.480352456782374, "falsepos": 0.0, "time": 42373.46021526129}, "train_full": {"meanscore": 1.0}}