{"estimate": {"benchmark": 20.417311862875124, "falsepos": 0.0, "time": 91370718.7014157}, "train_full": {"meanscore": 1.0}}