{"estimate": {"benchmark": 9.375763148310078, "falsepos": 0.0, "time": 4960.925103852237}, "train_full": {"meanscore": 1.0}}