{"estimate": {"benchmark": 2.024275327472416, "falsepos": 0.005476358165856787, "time": 9.30866650866629}, "train_full": {"meanscore": 0.9972764463711175}}