{"estimate": {"benchmark": 13.312224540499809, "falsepos": 0.0, "time": 192514.3683563146}, "train_full": {"meanscore": 1.0}}