{"estimate": {"benchmark": 15.752194200499758, "falsepos": 0.0, "time": 1661272.1252579342}, "train_full": {"meanscore": 1.0}}