{"estimate": {"benchmark": 6.226478307405226, "falsepos": 0.0, "time": 471.67151472701227}, "train_full": {"meanscore": 1.0}}