{"estimate": {"benchmark": 1.679918481658367, "falsepos": 0.008652079504009924, "time": 7.560089580582775}, "train_full": {"meanscore": 0.9958527811300696}}