{"estimate": {"benchmark": 13.032634487896773, "falsepos": 0.0, "time": 152590.5150016287}, "train_full": {"meanscore": 1.0}}