{"estimate": {"benchmark": 15.889927170370157, "falsepos": 0.0, "time": 1875823.2005321262}, "train_full": {"meanscore": 1.0}}