{"estimate": {"benchmark": 11.543874380062423, "falsepos": 0.0, "time": 38835.653376393624}, "train_full": {"meanscore": 1.0}}