{"estimate": {"benchmark": 13.115091826231357, "falsepos": 0.0, "time": 165625.56729941463}, "train_full": {"meanscore": 1.0}}