{"estimate": {"benchmark": 9.547980764421318, "falsepos": 0.0, "time": 6098.95731595138}, "train_full": {"meanscore": 1.0}}