{"estimate": {"benchmark": 7.8371145733326415, "falsepos": 0.0, "time": 1747.9408430318629}, "train_full": {"meanscore": 1.0}}