{"estimate": {"benchmark": 22.433837364907188, "falsepos": 0.0, "time": 517563883.92364204}, "train_full": {"meanscore": 1.0}}