{"estimate": {"benchmark": 25.43014070124137, "falsepos": 0.0, "time": 8849709764.249418}, "train_full": {"meanscore": 1.0}}