{"estimate": {"benchmark": 0.6683123325283944, "falsepos": 0.1676746860478301, "time": 2.7610122524251217}, "train_full": {"meanscore": 0.8475434495886199}}