{"estimate": {"benchmark": 15.738631489507927, "falsepos": 0.0, "time": 1571456.4057252414}, "train_full": {"meanscore": 1.0}}