{"estimate": {"benchmark": 2.5419861718860486, "falsepos": 0.0002978924917168557, "time": 14.414938694712129}, "train_full": {"meanscore": 0.9999210013878967}}