{"estimate": {"benchmark": 1.7862997840210408, "falsepos": 0.013506280801867776, "time": 6.805144109760807}, "train_full": {"meanscore": 0.9938317644578121}}