{"estimate": {"benchmark": 0.9883525602509127, "falsepos": 0.08037307018471507, "time": 3.3751787972573557}, "train_full": {"meanscore": 0.9402230264458341}}