{"estimate": {"benchmark": 17.568550083131825, "falsepos": 0.0, "time": 8003202.956835478}, "train_full": {"meanscore": 1.0}}