{"estimate": {"benchmark": 25.124971555775797, "falsepos": 0.0, "time": 6280849301.676809}, "train_full": {"meanscore": 1.0}}