{"estimate": {"benchmark": 18.033462013412123, "falsepos": 0.0, "time": 12710533.935998987}, "train_full": {"meanscore": 1.0}}