{"estimate": {"benchmark": 11.965307525017238, "falsepos": 0.0, "time": 58756.66169576212}, "train_full": {"meanscore": 1.0}}