{"estimate": {"benchmark": 19.221673216416708, "falsepos": 0.0, "time": 32151973.757411044}, "train_full": {"meanscore": 1.0}}