{"estimate": {"benchmark": 5.79950359734525, "falsepos": 8.326672684688674e-15, "time": 277.62298789938984}, "train_full": {"meanscore": 0.9999999999999999}}