{"estimate": {"benchmark": 6.236496967894153, "falsepos": 0.0, "time": 432.76218134145824}, "train_full": {"meanscore": 1.0}}