{"estimate": {"benchmark": 24.794952899000094, "falsepos": 0.0, "time": 4114727106.6834145}, "train_full": {"meanscore": 1.0}}