{"estimate": {"benchmark": 9.472914321448176, "falsepos": 0.0, "time": 6370.5139547158915}, "train_full": {"meanscore": 1.0}}