{"estimate": {"benchmark": 18.37975103307978, "falsepos": 0.0, "time": 16961781.495511733}, "train_full": {"meanscore": 1.0}}