{"estimate": {"benchmark": 20.208414145625632, "falsepos": 0.0, "time": 72993485.1268245}, "train_full": {"meanscore": 1.0}}