{"estimate": {"benchmark": 20.52423556858166, "falsepos": 0.0, "time": 115915916.98743105}, "train_full": {"meanscore": 1.0}}