{"estimate": {"benchmark": 13.311872364949021, "falsepos": 0.0, "time": 192445.3207479815}, "train_full": {"meanscore": 1.0}}