{"estimate": {"benchmark": 18.23822734775685, "falsepos": 0.0, "time": 16774754.081941387}, "train_full": {"meanscore": 1.0}}