{"estimate": {"benchmark": 25.16428032435867, "falsepos": 0.0, "time": 7799450053.890587}, "train_full": {"meanscore": 1.0}}