{"estimate": {"benchmark": 23.150674268936516, "falsepos": 0.0, "time": 1137794852.1840239}, "train_full": {"meanscore": 1.0}}