{"estimate": {"benchmark": 4.99907524077098, "falsepos": 2.271682841836764e-11, "time": 127.62386303986779}, "train_full": {"meanscore": 0.9999999999997603}}