{"estimate": {"benchmark": 22.768216847076076, "falsepos": 0.0, "time": 776272288.1729562}, "train_full": {"meanscore": 1.0}}