{"estimate": {"benchmark": 15.96514511438277, "falsepos": 0.0, "time": 1950496.6846345793}, "train_full": {"meanscore": 1.0}}