{"estimate": {"benchmark": 19.57138990579644, "falsepos": 0.0, "time": 54039406.427042976}, "train_full": {"meanscore": 1.0}}