{"estimate": {"benchmark": 5.836321292750856, "falsepos": 5.995204332975845e-15, "time": 292.79821308734046}, "train_full": {"meanscore": 1.0}}