{"estimate": {"benchmark": 13.075442018999013, "falsepos": 0.0, "time": 148880.2733484904}, "train_full": {"meanscore": 1.0}}