{"estimate": {"benchmark": 17.629012034501073, "falsepos": 0.0, "time": 7834629.33534228}, "train_full": {"meanscore": 1.0}}