{"estimate": {"benchmark": 16.334288855183722, "falsepos": 0.0, "time": 2409721.4218409685}, "train_full": {"meanscore": 1.0}}