{"estimate": {"benchmark": 6.627939249712264, "falsepos": 0.0, "time": 611.9002993740341}, "train_full": {"meanscore": 1.0}}