{"estimate": {"benchmark": 6.201739892664904, "falsepos": 0.0, "time": 433.8944905443846}, "train_full": {"meanscore": 1.0}}