{"estimate": {"benchmark": 7.169194042433812, "falsepos": 0.0, "time": 834.6629015736005}, "train_full": {"meanscore": 1.0}}