{"estimate": {"benchmark": 22.28540606538322, "falsepos": 0.0, "time": 420920936.5519616}, "train_full": {"meanscore": 1.0}}