{"estimate": {"benchmark": 14.768024417653097, "falsepos": 0.0, "time": 606861.4017330564}, "train_full": {"meanscore": 1.0}}