{"estimate": {"benchmark": 1.4372079607472135, "falsepos": 0.04079859123653862, "time": 5.019557579743115}, "train_full": {"meanscore": 0.9676220878575013}}