{"estimate": {"benchmark": 19.305411832365653, "falsepos": 0.0, "time": 41034197.825836845}, "train_full": {"meanscore": 1.0}}