{"estimate": {"benchmark": 2.8818808876637885, "falsepos": 0.0001090633113013384, "time": 21.266042726990303}, "train_full": {"meanscore": 0.9999652352738972}}