{"estimate": {"benchmark": 16.263002979206767, "falsepos": 0.0, "time": 2266491.050506828}, "train_full": {"meanscore": 1.0}}