{"estimate": {"benchmark": 1.5765633108776393, "falsepos": 0.015610435205871465, "time": 7.4049645015916346}, "train_full": {"meanscore": 0.9908815634928317}}