{"estimate": {"benchmark": 11.204537050757573, "falsepos": 0.0, "time": 28169.158225250765}, "train_full": {"meanscore": 1.0}}