{"estimate": {"benchmark": 9.375612485329455, "falsepos": 0.0, "time": 4962.352003592438}, "train_full": {"meanscore": 1.0}}