{"estimate": {"benchmark": 17.36976921096035, "falsepos": 0.0, "time": 6501882.05041663}, "train_full": {"meanscore": 1.0}}