{"estimate": {"benchmark": 4.630488978605355, "falsepos": 4.665433595008039e-10, "time": 95.42027557865401}, "train_full": {"meanscore": 0.9999999999885513}}