{"estimate": {"benchmark": 24.90649426810416, "falsepos": 0.0, "time": 4717736217.83301}, "train_full": {"meanscore": 1.0}}