{"estimate": {"benchmark": 25.016903717776408, "falsepos": 0.0, "time": 5114554546.848236}, "train_full": {"meanscore": 1.0}}