{"estimate": {"benchmark": 15.980749685643545, "falsepos": 0.0, "time": 1684761.2373723825}, "train_full": {"meanscore": 1.0}}