{"estimate": {"benchmark": 17.360428737759054, "falsepos": 0.0, "time": 6747079.7023060005}, "train_full": {"meanscore": 1.0}}