{"estimate": {"benchmark": 6.4536853975669946, "falsepos": 0.0, "time": 428.9731961757035}, "train_full": {"meanscore": 1.0}}