{"estimate": {"benchmark": 8.314360404955774, "falsepos": 0.0, "time": 2570.084278338589}, "train_full": {"meanscore": 1.0}}