{"estimate": {"benchmark": 23.239722490636648, "falsepos": 0.0, "time": 1016137024.6763431}, "train_full": {"meanscore": 1.0}}