{"estimate": {"benchmark": 8.28561772554497, "falsepos": 0.0, "time": 2103.3486789616604}, "train_full": {"meanscore": 1.0}}