{"estimate": {"benchmark": 1.0888233388310542, "falsepos": 0.07578689973799146, "time": 3.4298546873561855}, "train_full": {"meanscore": 0.9392336414296429}}