{"estimate": {"benchmark": 21.791536446511437, "falsepos": 0.0, "time": 266901849.7496544}, "train_full": {"meanscore": 1.0}}