{"estimate": {"benchmark": 9.934426413109017, "falsepos": 0.0, "time": 9941.147984905736}, "train_full": {"meanscore": 1.0}}