{"estimate": {"benchmark": 10.601082355614961, "falsepos": 0.0, "time": 17321.696172472755}, "train_full": {"meanscore": 1.0}}