{"estimate": {"benchmark": 5.826961457762469, "falsepos": 4.107825191113079e-15, "time": 287.1318433719462}, "train_full": {"meanscore": 1.0}}