{"estimate": {"benchmark": 6.470831374935203, "falsepos": 0.0, "time": 409.2366860350429}, "train_full": {"meanscore": 1.0}}