{"estimate": {"benchmark": 4.775508501234616, "falsepos": 3.56468188300596e-11, "time": 112.31055117301814}, "train_full": {"meanscore": 0.9999999999992695}}