{"estimate": {"benchmark": 18.89862541774558, "falsepos": 0.0, "time": 21248184.822391663}, "train_full": {"meanscore": 1.0}}