{"estimate": {"benchmark": 12.466306120499683, "falsepos": 0.0, "time": 84673.1718819576}, "train_full": {"meanscore": 1.0}}