{"estimate": {"benchmark": 21.285887247830917, "falsepos": 0.0, "time": 247583698.8699257}, "train_full": {"meanscore": 1.0}}