{"estimate": {"benchmark": 0.8730993549583189, "falsepos": 0.09062523998355687, "time": 3.5084400351149214}, "train_full": {"meanscore": 0.9300905402268911}}