{"estimate": {"benchmark": 4.387962233096328, "falsepos": 1.0096073976839648e-09, "time": 72.49125012311441}, "train_full": {"meanscore": 0.9999999999365785}}