{"estimate": {"benchmark": 9.526145635664491, "falsepos": 0.0, "time": 5860.438901756108}, "train_full": {"meanscore": 1.0}}