{"estimate": {"benchmark": 1.4793971381419257, "falsepos": 0.02612332930801531, "time": 5.0647270778760385}, "train_full": {"meanscore": 0.9765421726166141}}