{"estimate": {"benchmark": 18.642625405936744, "falsepos": 0.0, "time": 21992139.646564297}, "train_full": {"meanscore": 1.0}}