{"estimate": {"benchmark": 8.920637383143877, "falsepos": 0.0, "time": 4673.857426196461}, "train_full": {"meanscore": 1.0}}