{"estimate": {"benchmark": 6.211569434362531, "falsepos": 0.0, "time": 456.3258837116048}, "train_full": {"meanscore": 1.0}}