{"estimate": {"benchmark": 10.935424130559765, "falsepos": 0.0, "time": 28074.737116325236}, "train_full": {"meanscore": 1.0}}