{"estimate": {"benchmark": 0.9468689629713107, "falsepos": 0.13547907773054402, "time": 3.415217268790066}, "train_full": {"meanscore": 0.9096806406486464}}