{"estimate": {"benchmark": 3.877131602391862, "falsepos": 7.707199689566124e-08, "time": 49.61276149817421}, "train_full": {"meanscore": 0.9999999883737862}}