{"estimate": {"benchmark": 16.782497891438574, "falsepos": 0.0, "time": 4445507.0071842205}, "train_full": {"meanscore": 1.0}}