{"estimate": {"benchmark": 15.904366531690968, "falsepos": 0.0, "time": 1526135.472366364}, "train_full": {"meanscore": 1.0}}