{"estimate": {"benchmark": 8.273534153152987, "falsepos": 0.0, "time": 2782.809129364647}, "train_full": {"meanscore": 1.0}}