{"estimate": {"benchmark": 13.315372295753901, "falsepos": 0.0, "time": 201307.2045805282}, "train_full": {"meanscore": 1.0}}