{"estimate": {"benchmark": 20.143486413327665, "falsepos": 0.0, "time": 69591272.7037996}, "train_full": {"meanscore": 1.0}}