{"estimate": {"benchmark": 25.09798914801151, "falsepos": 0.0, "time": 6650039895.520622}, "train_full": {"meanscore": 1.0}}