{"estimate": {"benchmark": 14.298533753106906, "falsepos": 0.0, "time": 486976.5831340629}, "train_full": {"meanscore": 1.0}}