{"estimate": {"benchmark": 10.908519893711958, "falsepos": 0.0, "time": 26628.688457790857}, "train_full": {"meanscore": 1.0}}