{"estimate": {"benchmark": 13.311967971892102, "falsepos": 0.0, "time": 192485.2583335928}, "train_full": {"meanscore": 1.0}}