{"estimate": {"benchmark": 11.029759710130312, "falsepos": 0.0, "time": 24586.98368555822}, "train_full": {"meanscore": 1.0}}