{"estimate": {"benchmark": 25.096113094629395, "falsepos": 0.0, "time": 5615589601.619631}, "train_full": {"meanscore": 1.0}}