{"estimate": {"benchmark": 22.251457723829148, "falsepos": 0.0, "time": 572493208.3262742}, "train_full": {"meanscore": 1.0}}