{"estimate": {"benchmark": 20.82747727395208, "falsepos": 0.0, "time": 170527208.15909553}, "train_full": {"meanscore": 1.0}}