{"estimate": {"benchmark": 14.247126668209713, "falsepos": 0.0, "time": 506264.09304621967}, "train_full": {"meanscore": 1.0}}