{"estimate": {"benchmark": 0.32629852407003845, "falsepos": 0.3429161176105092, "time": 1.8099977807035452}, "train_full": {"meanscore": 0.7274390834552636}}