{"estimate": {"benchmark": 13.315672353149086, "falsepos": 0.0, "time": 201369.5265677563}, "train_full": {"meanscore": 1.0}}