{"estimate": {"benchmark": 5.0443903217754125, "falsepos": 4.5822234895354086e-12, "time": 132.1280560738259}, "train_full": {"meanscore": 0.99999999999996}}