{"estimate": {"benchmark": 12.38333796770003, "falsepos": 0.0, "time": 87516.72510387577}, "train_full": {"meanscore": 1.0}}