{"estimate": {"benchmark": 19.295643473644457, "falsepos": 0.0, "time": 43192087.915685795}, "train_full": {"meanscore": 1.0}}