{"estimate": {"benchmark": 6.212242348690824, "falsepos": 0.0, "time": 456.0271908358742}, "train_full": {"meanscore": 1.0}}