{"estimate": {"benchmark": 10.905740956260427, "falsepos": 0.0, "time": 26177.801924215513}, "train_full": {"meanscore": 1.0}}