{"estimate": {"benchmark": 19.75578084317981, "falsepos": 0.0, "time": 49236629.29970648}, "train_full": {"meanscore": 1.0}}