{"estimate": {"benchmark": 6.646744598138489, "falsepos": 0.0, "time": 639.1454566883286}, "train_full": {"meanscore": 1.0}}