{"estimate": {"benchmark": 12.619235403404748, "falsepos": 0.0, "time": 99966.44503266014}, "train_full": {"meanscore": 1.0}}