{"estimate": {"benchmark": 1.0935943329423297, "falsepos": 0.07349832768638143, "time": 3.459234961371437}, "train_full": {"meanscore": 0.9386550573943301}}