{"estimate": {"benchmark": 5.779355439087279, "falsepos": 1.2212453270876722e-15, "time": 305.36071678190586}, "train_full": {"meanscore": 1.0}}