{"estimate": {"benchmark": 5.770155489860484, "falsepos": 2.220446049250313e-15, "time": 312.6646241686739}, "train_full": {"meanscore": 1.0}}