{"estimate": {"benchmark": 23.584609925514872, "falsepos": 0.0, "time": 1593634785.5882862}, "train_full": {"meanscore": 1.0}}