{"estimate": {"benchmark": 5.5703265525800525, "falsepos": 4.04121180963557e-14, "time": 235.07048637486778}, "train_full": {"meanscore": 0.9999999999999998}}