{"estimate": {"benchmark": 24.30352709224201, "falsepos": 0.0, "time": 2805983025.118275}, "train_full": {"meanscore": 1.0}}