{"estimate": {"benchmark": 2.704695957015023, "falsepos": 0.00021407847332355345, "time": 17.477393874007273}, "train_full": {"meanscore": 0.9999424597538105}}