{"estimate": {"benchmark": 3.639018359706905, "falsepos": 3.7126705598744536e-07, "time": 44.739533238969734}, "train_full": {"meanscore": 0.9999999513924669}}