{"estimate": {"benchmark": 21.197459779042454, "falsepos": 0.0, "time": 193967090.81722352}, "train_full": {"meanscore": 1.0}}