{"estimate": {"benchmark": 7.617183502285739, "falsepos": 0.0, "time": 1211.5396014954763}, "train_full": {"meanscore": 1.0}}