{"estimate": {"benchmark": 17.17348923753322, "falsepos": 0.0, "time": 4794632.423503515}, "train_full": {"meanscore": 1.0}}