{"estimate": {"benchmark": 22.35455380499183, "falsepos": 0.0, "time": 562716602.7554657}, "train_full": {"meanscore": 1.0}}