{"estimate": {"benchmark": 14.497143938287813, "falsepos": 0.0, "time": 485612.7729192691}, "train_full": {"meanscore": 1.0}}