{"estimate": {"benchmark": 7.954042022494171, "falsepos": 0.0, "time": 1782.4417280692796}, "train_full": {"meanscore": 1.0}}