{"estimate": {"benchmark": 12.64242181646463, "falsepos": 0.0, "time": 103188.57263151856}, "train_full": {"meanscore": 1.0}}