{"estimate": {"benchmark": 18.442206753173533, "falsepos": 0.0, "time": 19005747.687713843}, "train_full": {"meanscore": 1.0}}