{"estimate": {"benchmark": 17.158044772125358, "falsepos": 0.0, "time": 5459122.303745714}, "train_full": {"meanscore": 1.0}}