{"estimate": {"benchmark": 20.618185560639144, "falsepos": 0.0, "time": 101706968.55726591}, "train_full": {"meanscore": 1.0}}