{"estimate": {"benchmark": 19.316407871815443, "falsepos": 0.0, "time": 40955160.60380699}, "train_full": {"meanscore": 1.0}}