{"estimate": {"benchmark": 16.195065238231074, "falsepos": 0.0, "time": 2870035.0059508844}, "train_full": {"meanscore": 1.0}}