{"estimate": {"benchmark": 13.53882602200107, "falsepos": 0.0, "time": 219761.49256318892}, "train_full": {"meanscore": 1.0}}