{"estimate": {"benchmark": 2.198103410764315, "falsepos": 0.0013246121968104596, "time": 11.265926823681687}, "train_full": {"meanscore": 0.9991368185023881}}