{"estimate": {"benchmark": 17.15849826022285, "falsepos": 0.0, "time": 5092171.193450172}, "train_full": {"meanscore": 1.0}}