{"estimate": {"benchmark": 17.463153246204957, "falsepos": 0.0, "time": 7312255.301777467}, "train_full": {"meanscore": 1.0}}