{"estimate": {"benchmark": 21.590524740848757, "falsepos": 0.0, "time": 214465169.68681782}, "train_full": {"meanscore": 1.0}}