{"estimate": {"benchmark": 2.7181167413072576, "falsepos": 0.00018725132324315386, "time": 17.575530631803193}, "train_full": {"meanscore": 0.9999372735318139}}