{"estimate": {"benchmark": 15.119049678913628, "falsepos": 0.0, "time": 853730.0444052975}, "train_full": {"meanscore": 1.0}}