{"estimate": {"benchmark": 1.540840410987369, "falsepos": 0.020780899119492324, "time": 5.218021417069895}, "train_full": {"meanscore": 0.9855451069568436}}