{"estimate": {"benchmark": 13.300878893066223, "falsepos": 0.0, "time": 186417.35034338507}, "train_full": {"meanscore": 1.0}}