{"estimate": {"benchmark": 0.684047363235714, "falsepos": 0.2092743687043429, "time": 3.0753236930711285}, "train_full": {"meanscore": 0.7865450494440536}}