{"estimate": {"benchmark": 17.08306683043302, "falsepos": 0.0, "time": 4632960.984406279}, "train_full": {"meanscore": 1.0}}