{"estimate": {"benchmark": 2.21822101157803, "falsepos": 0.000811581194020583, "time": 11.433586052032325}, "train_full": {"meanscore": 0.9996764753701023}}