{"estimate": {"benchmark": 13.099796378140677, "falsepos": 0.0, "time": 155738.7303386878}, "train_full": {"meanscore": 1.0}}