{"estimate": {"benchmark": 13.55428355247159, "falsepos": 0.0, "time": 224686.29304859997}, "train_full": {"meanscore": 1.0}}