{"estimate": {"benchmark": 17.672660402844517, "falsepos": 0.0, "time": 8418140.347469494}, "train_full": {"meanscore": 1.0}}