{"estimate": {"benchmark": 19.58183915428143, "falsepos": 0.0, "time": 51567073.242862746}, "train_full": {"meanscore": 1.0}}