{"estimate": {"benchmark": 16.221806327810327, "falsepos": 0.0, "time": 2948041.1822658805}, "train_full": {"meanscore": 1.0}}