{"estimate": {"benchmark": 21.76101721940308, "falsepos": 0.0, "time": 289584171.57510096}, "train_full": {"meanscore": 1.0}}