{"estimate": {"benchmark": 5.873145400850776, "falsepos": 6.661338147750939e-16, "time": 317.0345391077729}, "train_full": {"meanscore": 1.0}}