{"estimate": {"benchmark": 23.001360562538835, "falsepos": 0.0, "time": 911356477.8455559}, "train_full": {"meanscore": 1.0}}