{"estimate": {"benchmark": 21.279487973934483, "falsepos": 0.0, "time": 214642143.2401645}, "train_full": {"meanscore": 1.0}}