{"estimate": {"benchmark": 18.665271764308397, "falsepos": 0.0, "time": 18416365.60426089}, "train_full": {"meanscore": 1.0}}