{"estimate": {"benchmark": 25.589919198061708, "falsepos": 0.0, "time": 10357272028.54998}, "train_full": {"meanscore": 1.0}}