{"estimate": {"benchmark": 5.192733101274402, "falsepos": 2.007949362337058e-12, "time": 153.2684180469265}, "train_full": {"meanscore": 0.9999999999999739}}