{"estimate": {"benchmark": 20.521399992701543, "falsepos": 0.0, "time": 109676554.44458744}, "train_full": {"meanscore": 1.0}}