{"estimate": {"benchmark": 16.27486212700822, "falsepos": 0.0, "time": 2768008.4874077784}, "train_full": {"meanscore": 1.0}}