{"estimate": {"benchmark": 7.832941820685182, "falsepos": 0.0, "time": 1685.1891339716822}, "train_full": {"meanscore": 1.0}}