{"estimate": {"benchmark": 17.058261802673485, "falsepos": 0.0, "time": 5036078.109412695}, "train_full": {"meanscore": 1.0}}