{"estimate": {"benchmark": 8.926707955226316, "falsepos": 0.0, "time": 4702.52319795122}, "train_full": {"meanscore": 1.0}}