{"estimate": {"benchmark": 12.147014784908748, "falsepos": 0.0, "time": 70503.27182550989}, "train_full": {"meanscore": 1.0}}