{"estimate": {"benchmark": 23.359961803258233, "falsepos": 0.0, "time": 1068410300.5240787}, "train_full": {"meanscore": 1.0}}