{"estimate": {"benchmark": 22.367885796716514, "falsepos": 0.0, "time": 535997671.30945575}, "train_full": {"meanscore": 1.0}}