{"estimate": {"benchmark": 17.25146273714355, "falsepos": 0.0, "time": 6036593.958159206}, "train_full": {"meanscore": 1.0}}