{"estimate": {"benchmark": 16.30873395233229, "falsepos": 0.0, "time": 2661859.1361482595}, "train_full": {"meanscore": 1.0}}