{"estimate": {"benchmark": 3.3178481305250145, "falsepos": 9.748533796427594e-06, "time": 26.78412649917291}, "train_full": {"meanscore": 0.9999976890351061}}