{"estimate": {"benchmark": 8.85378607927932, "falsepos": 0.0, "time": 2980.007615750417}, "train_full": {"meanscore": 1.0}}