{"estimate": {"benchmark": 25.068716946423176, "falsepos": 0.0, "time": 6538471243.422847}, "train_full": {"meanscore": 1.0}}