{"estimate": {"benchmark": 21.037002141653275, "falsepos": 0.0, "time": 192561744.8947959}, "train_full": {"meanscore": 1.0}}