{"estimate": {"benchmark": 23.494227216079093, "falsepos": 0.0, "time": 1721472493.3328812}, "train_full": {"meanscore": 1.0}}