{"estimate": {"benchmark": 13.871125817354745, "falsepos": 0.0, "time": 318820.3911950458}, "train_full": {"meanscore": 1.0}}