{"estimate": {"benchmark": 10.131493186119068, "falsepos": 0.0, "time": 11094.888345099129}, "train_full": {"meanscore": 1.0}}