{"estimate": {"benchmark": 20.933186999877837, "falsepos": 0.0, "time": 164058775.02711934}, "train_full": {"meanscore": 1.0}}