{"estimate": {"benchmark": 14.702250309553671, "falsepos": 0.0, "time": 627618.2566836472}, "train_full": {"meanscore": 1.0}}