{"estimate": {"benchmark": 10.935255058582225, "falsepos": 0.0, "time": 25783.877490764113}, "train_full": {"meanscore": 1.0}}