{"estimate": {"benchmark": 15.469711966685516, "falsepos": 0.0, "time": 1088219.0641984737}, "train_full": {"meanscore": 1.0}}