{"estimate": {"benchmark": 15.980581506064674, "falsepos": 0.0, "time": 1684601.885373208}, "train_full": {"meanscore": 1.0}}