{"estimate": {"benchmark": 11.012339010019415, "falsepos": 0.0, "time": 22508.761377986062}, "train_full": {"meanscore": 1.0}}