{"estimate": {"benchmark": 19.681309776419567, "falsepos": 0.0, "time": 49848015.580513425}, "train_full": {"meanscore": 1.0}}