{"estimate": {"benchmark": 8.662850976689292, "falsepos": 0.0, "time": 2586.16315318209}, "train_full": {"meanscore": 1.0}}