{"estimate": {"benchmark": 5.55080649845919, "falsepos": 2.8199664825478976e-14, "time": 223.55895721254984}, "train_full": {"meanscore": 0.9999999999999999}}