{"estimate": {"benchmark": 0.5000170577618098, "falsepos": 0.2645778475335998, "time": 2.323111884326903}, "train_full": {"meanscore": 0.7799874041619453}}