{"estimate": {"benchmark": 11.970022939745498, "falsepos": 0.0, "time": 56639.147536744145}, "train_full": {"meanscore": 1.0}}