{"estimate": {"benchmark": 23.76157185784702, "falsepos": 0.0, "time": 1924647680.812317}, "train_full": {"meanscore": 1.0}}