{"estimate": {"benchmark": 22.02360408349521, "falsepos": 0.0, "time": 363478486.3493097}, "train_full": {"meanscore": 1.0}}