{"estimate": {"benchmark": 6.627560590025043, "falsepos": 0.0, "time": 612.3629051381815}, "train_full": {"meanscore": 1.0}}