{"estimate": {"benchmark": 23.878899559412158, "falsepos": 0.0, "time": 1834264932.697704}, "train_full": {"meanscore": 1.0}}