{"estimate": {"benchmark": 3.571042952492781, "falsepos": 3.080358888962742e-06, "time": 37.90829609481234}, "train_full": {"meanscore": 0.9999995936305796}}