{"estimate": {"benchmark": 3.6825387728947767, "falsepos": 7.485978166243967e-07, "time": 34.19151282639658}, "train_full": {"meanscore": 0.9999998190854682}}