{"estimate": {"benchmark": 11.273584064557948, "falsepos": 0.0, "time": 31387.61795533133}, "train_full": {"meanscore": 1.0}}