{"estimate": {"benchmark": 21.687825385445194, "falsepos": 0.0, "time": 226657226.34043956}, "train_full": {"meanscore": 1.0}}