{"estimate": {"benchmark": 14.292063094487071, "falsepos": 0.0, "time": 462266.13442486606}, "train_full": {"meanscore": 1.0}}