{"estimate": {"benchmark": 1.7879660229207877, "falsepos": 0.015281863255300454, "time": 7.048407945241412}, "train_full": {"meanscore": 0.9935548611545499}}