{"estimate": {"benchmark": 20.123863767544382, "falsepos": 0.0, "time": 72739248.8787246}, "train_full": {"meanscore": 1.0}}