{"estimate": {"benchmark": 16.429185669058604, "falsepos": 0.0, "time": 2532145.6610987755}, "train_full": {"meanscore": 1.0}}