{"estimate": {"benchmark": 15.867852096473404, "falsepos": 0.0, "time": 1812598.4700432082}, "train_full": {"meanscore": 1.0}}