{"estimate": {"benchmark": 25.430253252211514, "falsepos": 0.0, "time": 8855889413.398844}, "train_full": {"meanscore": 1.0}}