{"estimate": {"benchmark": 3.875042967136415, "falsepos": 8.40420817382892e-08, "time": 49.52538113534112}, "train_full": {"meanscore": 0.999999988630247}}