{"estimate": {"benchmark": 24.11695101025126, "falsepos": 0.0, "time": 2171860891.176751}, "train_full": {"meanscore": 1.0}}