{"estimate": {"benchmark": 17.365679698475127, "falsepos": 0.0, "time": 6802974.906409329}, "train_full": {"meanscore": 1.0}}