{"estimate": {"benchmark": 1.718499712163471, "falsepos": 0.01100724619464033, "time": 6.960607488854267}, "train_full": {"meanscore": 0.9954379371214003}}