{"estimate": {"benchmark": 19.804664255202113, "falsepos": 0.0, "time": 48286422.93155632}, "train_full": {"meanscore": 1.0}}