{"estimate": {"benchmark": 17.98219499579761, "falsepos": 0.0, "time": 13621460.83163275}, "train_full": {"meanscore": 1.0}}