{"estimate": {"benchmark": 25.111524652930505, "falsepos": 0.0, "time": 6706699991.307896}, "train_full": {"meanscore": 1.0}}