{"estimate": {"benchmark": 3.563563844940541, "falsepos": 4.470998549055416e-06, "time": 33.660539362227716}, "train_full": {"meanscore": 0.9999994878664493}}