{"estimate": {"benchmark": 5.251782869265112, "falsepos": 8.700817843987352e-13, "time": 156.2646637017868}, "train_full": {"meanscore": 0.9999999999999939}}