{"estimate": {"benchmark": 0.8845185838210217, "falsepos": 0.1223850523429082, "time": 3.6557539586475003}, "train_full": {"meanscore": 0.9203271836055358}}