{"estimate": {"benchmark": 19.31496195195768, "falsepos": 0.0, "time": 43643972.6734581}, "train_full": {"meanscore": 1.0}}