{"estimate": {"benchmark": 18.254133368141026, "falsepos": 0.0, "time": 16396844.103621263}, "train_full": {"meanscore": 1.0}}