{"estimate": {"benchmark": 11.394260616511126, "falsepos": 0.0, "time": 35284.82454467578}, "train_full": {"meanscore": 1.0}}