{"estimate": {"benchmark": 13.075238058002759, "falsepos": 0.0, "time": 148645.6451120328}, "train_full": {"meanscore": 1.0}}