{"estimate": {"benchmark": 18.20056271169507, "falsepos": 0.0, "time": 15468717.447033467}, "train_full": {"meanscore": 1.0}}