{"estimate": {"benchmark": 12.789724220353454, "falsepos": 0.0, "time": 110475.40533691591}, "train_full": {"meanscore": 1.0}}