{"estimate": {"benchmark": 18.932040896338915, "falsepos": 0.0, "time": 23637893.95285994}, "train_full": {"meanscore": 1.0}}