{"estimate": {"benchmark": 4.88326860068351, "falsepos": 2.201372417687253e-11, "time": 115.95933357089547}, "train_full": {"meanscore": 0.9999999999996831}}