{"estimate": {"benchmark": 8.789590702665762, "falsepos": 0.0, "time": 2906.6140358895464}, "train_full": {"meanscore": 1.0}}