{"estimate": {"benchmark": 18.227698340378023, "falsepos": 0.0, "time": 16118677.487373793}, "train_full": {"meanscore": 1.0}}