{"estimate": {"benchmark": 12.64424918799476, "falsepos": 0.0, "time": 106606.01920949505}, "train_full": {"meanscore": 1.0}}