{"estimate": {"benchmark": 11.908817779408565, "falsepos": 0.0, "time": 58558.171197020034}, "train_full": {"meanscore": 1.0}}