{"estimate": {"benchmark": 20.078602943703586, "falsepos": 0.0, "time": 76895420.64615828}, "train_full": {"meanscore": 1.0}}