{"estimate": {"benchmark": 13.524119204090713, "falsepos": 0.0, "time": 230021.62768775804}, "train_full": {"meanscore": 1.0}}