{"estimate": {"benchmark": 14.75460297936355, "falsepos": 0.0, "time": 567196.6800685031}, "train_full": {"meanscore": 1.0}}