{"estimate": {"benchmark": 6.842530448762026, "falsepos": 0.0, "time": 649.4886821202874}, "train_full": {"meanscore": 1.0}}