{"estimate": {"benchmark": 1.1542029600950907, "falsepos": 0.05939091975062083, "time": 4.217995100007317}, "train_full": {"meanscore": 0.9675258399034872}}