{"estimate": {"benchmark": 3.335972801018121, "falsepos": 1.3373615820655438e-05, "time": 28.488232454252945}, "train_full": {"meanscore": 0.9999980266390867}}