{"estimate": {"benchmark": 2.1284161213456536, "falsepos": 0.0011791858973105862, "time": 10.73782477212062}, "train_full": {"meanscore": 0.9993339984608169}}