{"estimate": {"benchmark": 21.514440582912943, "falsepos": 0.0, "time": 218233515.5834827}, "train_full": {"meanscore": 1.0}}