{"estimate": {"benchmark": 13.665864467332533, "falsepos": 0.0, "time": 233807.2176889327}, "train_full": {"meanscore": 1.0}}