{"estimate": {"benchmark": 17.96555731239067, "falsepos": 0.0, "time": 13228300.154955843}, "train_full": {"meanscore": 1.0}}