{"estimate": {"benchmark": 19.168454053468214, "falsepos": 0.0, "time": 34888745.48184625}, "train_full": {"meanscore": 1.0}}