{"estimate": {"benchmark": 24.489598259240015, "falsepos": 0.0, "time": 2907037813.240516}, "train_full": {"meanscore": 1.0}}