{"estimate": {"benchmark": 7.43698514376374, "falsepos": 0.0, "time": 1148.0981942357976}, "train_full": {"meanscore": 1.0}}