{"estimate": {"benchmark": 19.546983725666575, "falsepos": 0.0, "time": 46401644.56363388}, "train_full": {"meanscore": 1.0}}