{"estimate": {"benchmark": 11.434006519573982, "falsepos": 0.0, "time": 40768.36052090388}, "train_full": {"meanscore": 1.0}}