{"estimate": {"benchmark": 22.285164542089344, "falsepos": 0.0, "time": 420617215.4115401}, "train_full": {"meanscore": 1.0}}