{"estimate": {"benchmark": 9.710568401160197, "falsepos": 0.0, "time": 7480.541124476386}, "train_full": {"meanscore": 1.0}}