{"estimate": {"benchmark": 14.5918419611613, "falsepos": 0.0, "time": 462346.5958307916}, "train_full": {"meanscore": 1.0}}