{"estimate": {"benchmark": 3.944199433291727, "falsepos": 1.3579804925001326e-07, "time": 45.180778599299934}, "train_full": {"meanscore": 0.9999999891072262}}