{"estimate": {"benchmark": 12.584955364728994, "falsepos": 0.0, "time": 101039.06402133923}, "train_full": {"meanscore": 1.0}}