{"estimate": {"benchmark": 7.068226583179424, "falsepos": 0.0, "time": 799.1414512515025}, "train_full": {"meanscore": 1.0}}