{"estimate": {"benchmark": 14.679204118800355, "falsepos": 0.0, "time": 592746.1775588297}, "train_full": {"meanscore": 1.0}}