{"estimate": {"benchmark": 16.892350281684443, "falsepos": 0.0, "time": 3753523.9509555115}, "train_full": {"meanscore": 1.0}}