{"estimate": {"benchmark": 17.995626114796895, "falsepos": 0.0, "time": 11494848.341811942}, "train_full": {"meanscore": 1.0}}