{"estimate": {"benchmark": 18.452103599550977, "falsepos": 0.0, "time": 20565705.881675944}, "train_full": {"meanscore": 1.0}}