{"estimate": {"benchmark": 24.12029791365568, "falsepos": 0.0, "time": 2499563569.1737785}, "train_full": {"meanscore": 1.0}}