{"estimate": {"benchmark": 18.63214494150012, "falsepos": 0.0, "time": 22638303.312834233}, "train_full": {"meanscore": 1.0}}