{"estimate": {"benchmark": 7.95496414246921, "falsepos": 0.0, "time": 1782.4665323682311}, "train_full": {"meanscore": 1.0}}