{"estimate": {"benchmark": 10.971707152506918, "falsepos": 0.0, "time": 24850.80837477832}, "train_full": {"meanscore": 1.0}}