{"estimate": {"benchmark": 24.544516912883466, "falsepos": 0.0, "time": 3832138948.008735}, "train_full": {"meanscore": 1.0}}