{"estimate": {"benchmark": 10.904709951402666, "falsepos": 0.0, "time": 26353.65706243688}, "train_full": {"meanscore": 1.0}}