{"estimate": {"benchmark": 8.778013044380977, "falsepos": 0.0, "time": 3021.4723200722874}, "train_full": {"meanscore": 1.0}}