{"estimate": {"benchmark": 9.875755691372985, "falsepos": 0.0, "time": 9016.668472120937}, "train_full": {"meanscore": 1.0}}