{"estimate": {"benchmark": 4.413505461033415, "falsepos": 4.641593442933356e-09, "time": 83.57454197613886}, "train_full": {"meanscore": 0.9999999997847968}}