{"estimate": {"benchmark": 22.630399401113664, "falsepos": 0.0, "time": 637248411.3488531}, "train_full": {"meanscore": 1.0}}