{"estimate": {"benchmark": 10.35411381557174, "falsepos": 0.0, "time": 14806.789074893015}, "train_full": {"meanscore": 1.0}}