{"estimate": {"benchmark": 8.265060224290082, "falsepos": 0.0, "time": 2714.6044772993196}, "train_full": {"meanscore": 1.0}}