{"estimate": {"benchmark": 2.638657064122775, "falsepos": 0.00024998836227785315, "time": 16.151989957999664}, "train_full": {"meanscore": 0.9999396726640915}}