{"estimate": {"benchmark": 18.552885162487232, "falsepos": 0.0, "time": 18148101.574595198}, "train_full": {"meanscore": 1.0}}