{"estimate": {"benchmark": 21.791504623347187, "falsepos": 0.0, "time": 266794691.8281452}, "train_full": {"meanscore": 1.0}}