{"estimate": {"benchmark": 20.425636122355325, "falsepos": 0.0, "time": 99438145.63768117}, "train_full": {"meanscore": 1.0}}