{"estimate": {"benchmark": 0.6890022783967903, "falsepos": 0.18081824411311176, "time": 3.00157306008599}, "train_full": {"meanscore": 0.8237556237595276}}