{"estimate": {"benchmark": 21.076338232574777, "falsepos": 0.0, "time": 169243921.2836141}, "train_full": {"meanscore": 1.0}}