{"estimate": {"benchmark": 3.8710253674732296, "falsepos": 4.899667682689568e-08, "time": 54.40533282997658}, "train_full": {"meanscore": 0.9999999928677414}}