{"estimate": {"benchmark": 8.435278701726357, "falsepos": 0.0, "time": 2462.3493047571114}, "train_full": {"meanscore": 1.0}}