{"estimate": {"benchmark": 9.392254772107933, "falsepos": 0.0, "time": 4910.347694838345}, "train_full": {"meanscore": 1.0}}