{"estimate": {"benchmark": 4.197989550049575, "falsepos": 2.892085448902293e-08, "time": 57.97659599428161}, "train_full": {"meanscore": 0.9999999989946748}}