{"estimate": {"benchmark": 9.940850657938446, "falsepos": 0.0, "time": 10259.732688797854}, "train_full": {"meanscore": 1.0}}