{"estimate": {"benchmark": 15.272803634053732, "falsepos": 0.0, "time": 996467.0961051814}, "train_full": {"meanscore": 1.0}}