{"estimate": {"benchmark": 13.712940676007596, "falsepos": 0.0, "time": 274279.0801341023}, "train_full": {"meanscore": 1.0}}