{"estimate": {"benchmark": 8.369018685210111, "falsepos": 0.0, "time": 2488.4424721637074}, "train_full": {"meanscore": 1.0}}