{"estimate": {"benchmark": 1.0369604270010713, "falsepos": 0.06828623692862135, "time": 4.414482678737445}, "train_full": {"meanscore": 0.9597297905169542}}