{"estimate": {"benchmark": 3.50090126099147, "falsepos": 2.917024307658167e-06, "time": 39.87639661701336}, "train_full": {"meanscore": 0.9999996417143822}}