{"estimate": {"benchmark": 22.530492934880094, "falsepos": 0.0, "time": 534126102.8387376}, "train_full": {"meanscore": 1.0}}