{"estimate": {"benchmark": 7.073293230004625, "falsepos": 0.0, "time": 757.0534044785276}, "train_full": {"meanscore": 1.0}}