{"estimate": {"benchmark": 9.695062658330565, "falsepos": 0.0, "time": 7608.752166141088}, "train_full": {"meanscore": 1.0}}