{"estimate": {"benchmark": 11.908492652030617, "falsepos": 0.0, "time": 49267.63519331807}, "train_full": {"meanscore": 1.0}}