{"estimate": {"benchmark": 18.762860216494367, "falsepos": 0.0, "time": 21673682.253643353}, "train_full": {"meanscore": 1.0}}