{"estimate": {"benchmark": 18.28382832095365, "falsepos": 0.0, "time": 15620835.259267228}, "train_full": {"meanscore": 1.0}}