{"estimate": {"benchmark": 2.4306605481241585, "falsepos": 0.00042070743221533924, "time": 13.145539743688639}, "train_full": {"meanscore": 0.9998228331282777}}