{"estimate": {"benchmark": 24.46448277621395, "falsepos": 0.0, "time": 3746449518.1661005}, "train_full": {"meanscore": 1.0}}