{"estimate": {"benchmark": 13.357549458375923, "falsepos": 0.0, "time": 184479.97056648225}, "train_full": {"meanscore": 1.0}}