{"estimate": {"benchmark": 8.300356498823351, "falsepos": 0.0, "time": 2682.4440293014572}, "train_full": {"meanscore": 1.0}}