{"estimate": {"benchmark": 0.44977635731844523, "falsepos": 0.3099751138826481, "time": 2.1296359839851906}, "train_full": {"meanscore": 0.7285400030148305}}