{"estimate": {"benchmark": 1.49912491340635, "falsepos": 0.02894969871997688, "time": 5.333875640619249}, "train_full": {"meanscore": 0.9714767392650511}}