{"estimate": {"benchmark": 17.673260940136245, "falsepos": 0.0, "time": 7893351.702096022}, "train_full": {"meanscore": 1.0}}