{"estimate": {"benchmark": 19.015747332982453, "falsepos": 0.0, "time": 32109164.10224108}, "train_full": {"meanscore": 1.0}}