{"estimate": {"benchmark": 0.47853768426973625, "falsepos": 0.2947730973040119, "time": 2.164501549897503}, "train_full": {"meanscore": 0.7484914205152529}}