{"estimate": {"benchmark": 10.680453974779008, "falsepos": 0.0, "time": 16916.070530247187}, "train_full": {"meanscore": 1.0}}