{"estimate": {"benchmark": 16.794162855159144, "falsepos": 0.0, "time": 4783896.857898453}, "train_full": {"meanscore": 1.0}}