{"estimate": {"benchmark": 25.743884924411024, "falsepos": 0.0, "time": 9527572659.255272}, "train_full": {"meanscore": 1.0}}