{"estimate": {"benchmark": 9.704551900631028, "falsepos": 0.0, "time": 8436.628932770127}, "train_full": {"meanscore": 1.0}}