{"estimate": {"benchmark": 21.301101659932012, "falsepos": 0.0, "time": 252465079.94432428}, "train_full": {"meanscore": 1.0}}