{"estimate": {"benchmark": 23.51364217425135, "falsepos": 0.0, "time": 1235619999.792552}, "train_full": {"meanscore": 1.0}}