{"estimate": {"benchmark": 19.67468537508741, "falsepos": 0.0, "time": 53793118.71211368}, "train_full": {"meanscore": 1.0}}