{"estimate": {"benchmark": 0.4336085181167128, "falsepos": 0.31362047460472564, "time": 2.0015492451268297}, "train_full": {"meanscore": 0.7299912975544605}}