{"estimate": {"benchmark": 22.15094153481959, "falsepos": 0.0, "time": 344497225.65375775}, "train_full": {"meanscore": 1.0}}