{"estimate": {"benchmark": 3.1903059669274016, "falsepos": 2.005770685375996e-05, "time": 23.913974531074732}, "train_full": {"meanscore": 0.9999967224569698}}