{"estimate": {"benchmark": 9.706366317190492, "falsepos": 0.0, "time": 8659.036735818601}, "train_full": {"meanscore": 1.0}}