{"estimate": {"benchmark": 9.138845403092247, "falsepos": 0.0, "time": 4422.885874516693}, "train_full": {"meanscore": 1.0}}