{"estimate": {"benchmark": 8.953436936495752, "falsepos": 0.0, "time": 4990.649068214159}, "train_full": {"meanscore": 1.0}}