{"estimate": {"benchmark": 20.567083472384784, "falsepos": 0.0, "time": 105877893.82615958}, "train_full": {"meanscore": 1.0}}