{"estimate": {"benchmark": 24.648392634607795, "falsepos": 0.0, "time": 4163469592.1556525}, "train_full": {"meanscore": 1.0}}