{"estimate": {"benchmark": 18.872526912404016, "falsepos": 0.0, "time": 20870812.01729654}, "train_full": {"meanscore": 1.0}}