{"estimate": {"benchmark": 8.254018353409833, "falsepos": 0.0, "time": 2677.056101264448}, "train_full": {"meanscore": 1.0}}