{"estimate": {"benchmark": 19.7952678514601, "falsepos": 0.0, "time": 53807316.16289403}, "train_full": {"meanscore": 1.0}}