{"estimate": {"benchmark": 21.877317488224328, "falsepos": 0.0, "time": 266199822.1904949}, "train_full": {"meanscore": 1.0}}