{"estimate": {"benchmark": 6.226678831667628, "falsepos": 2.220446049250313e-16, "time": 379.01113049818105}, "train_full": {"meanscore": 1.0}}