{"estimate": {"benchmark": 20.087144596827276, "falsepos": 0.0, "time": 76318333.98777758}, "train_full": {"meanscore": 1.0}}