{"estimate": {"benchmark": 3.324231324822792, "falsepos": 8.338710700717122e-06, "time": 26.091154505306825}, "train_full": {"meanscore": 0.9999979499220772}}