{"estimate": {"benchmark": 20.396050000724237, "falsepos": 0.0, "time": 105754607.47939295}, "train_full": {"meanscore": 1.0}}