{"estimate": {"benchmark": 23.122527194285812, "falsepos": 0.0, "time": 1002523126.285441}, "train_full": {"meanscore": 1.0}}