{"estimate": {"benchmark": 4.840525989587721, "falsepos": 6.120437490153563e-11, "time": 117.97078208382113}, "train_full": {"meanscore": 0.9999999999991227}}