{"estimate": {"benchmark": 9.020807145265275, "falsepos": 0.0, "time": 3930.6665870279253}, "train_full": {"meanscore": 1.0}}