{"estimate": {"benchmark": 6.993808061687827, "falsepos": 0.0, "time": 692.5200441924468}, "train_full": {"meanscore": 1.0}}