{"estimate": {"benchmark": 6.348762856473387, "falsepos": 0.0, "time": 443.6854691528534}, "train_full": {"meanscore": 1.0}}