{"estimate": {"benchmark": 17.88084407577328, "falsepos": 0.0, "time": 10667351.657456638}, "train_full": {"meanscore": 1.0}}