{"estimate": {"benchmark": 0.18865895989801656, "falsepos": 0.3691116818559531, "time": 1.6659802472052427}, "train_full": {"meanscore": 0.6807920654385256}}