{"estimate": {"benchmark": 25.148757278695673, "falsepos": 0.0, "time": 6663810126.36093}, "train_full": {"meanscore": 1.0}}