{"estimate": {"benchmark": 20.865630679316478, "falsepos": 0.0, "time": 161641976.1582835}, "train_full": {"meanscore": 1.0}}