{"estimate": {"benchmark": 17.56096749964053, "falsepos": 0.0, "time": 8130089.909773432}, "train_full": {"meanscore": 1.0}}