{"estimate": {"benchmark": 21.007222178452835, "falsepos": 0.0, "time": 186299387.4952248}, "train_full": {"meanscore": 1.0}}