{"estimate": {"benchmark": 6.211177329518827, "falsepos": 4.440892098500626e-16, "time": 323.91772428888936}, "train_full": {"meanscore": 1.0}}