{"estimate": {"benchmark": 22.611136462224227, "falsepos": 0.0, "time": 588874232.3916744}, "train_full": {"meanscore": 1.0}}