{"estimate": {"benchmark": 14.379073651470536, "falsepos": 0.0, "time": 498177.8359857339}, "train_full": {"meanscore": 1.0}}