{"estimate": {"benchmark": 11.595114584462053, "falsepos": 0.0, "time": 49238.857333686516}, "train_full": {"meanscore": 1.0}}