{"estimate": {"benchmark": 15.640179766579173, "falsepos": 0.0, "time": 1335621.5884676022}, "train_full": {"meanscore": 1.0}}