{"estimate": {"benchmark": 1.9372631188596827, "falsepos": 0.006070127553433502, "time": 8.40234076864316}, "train_full": {"meanscore": 0.997369455313335}}