{"estimate": {"benchmark": 9.807362667353065, "falsepos": 0.0, "time": 8127.902608628382}, "train_full": {"meanscore": 1.0}}