{"estimate": {"benchmark": 24.35822171511386, "falsepos": 0.0, "time": 2678205814.6625257}, "train_full": {"meanscore": 1.0}}