{"estimate": {"benchmark": 22.24020315998133, "falsepos": 0.0, "time": 375468778.1588744}, "train_full": {"meanscore": 1.0}}