{"estimate": {"benchmark": 9.312229072824247, "falsepos": 0.0, "time": 5118.014760819008}, "train_full": {"meanscore": 1.0}}