{"estimate": {"benchmark": 25.844529786968074, "falsepos": 0.0, "time": 9584740395.164576}, "train_full": {"meanscore": 1.0}}