{"estimate": {"benchmark": 2.0581624844769895, "falsepos": 0.004483948618656863, "time": 9.411556729159571}, "train_full": {"meanscore": 0.9972382590826203}}