{"estimate": {"benchmark": 23.754452543802845, "falsepos": 0.0, "time": 1660585841.0972743}, "train_full": {"meanscore": 1.0}}