{"estimate": {"benchmark": 12.398543169129422, "falsepos": 0.0, "time": 83669.53035803034}, "train_full": {"meanscore": 1.0}}