{"estimate": {"benchmark": 18.231213342500165, "falsepos": 0.0, "time": 14955150.959843108}, "train_full": {"meanscore": 1.0}}