{"estimate": {"benchmark": 22.86256930624782, "falsepos": 0.0, "time": 832203810.8346616}, "train_full": {"meanscore": 1.0}}