{"estimate": {"benchmark": 0.9312556277121641, "falsepos": 0.141605290097235, "time": 3.0888162393554666}, "train_full": {"meanscore": 0.8944529587698781}}