{"estimate": {"benchmark": 16.262798785765256, "falsepos": 0.0, "time": 2265407.49438486}, "train_full": {"meanscore": 1.0}}