{"estimate": {"benchmark": 13.854063855466944, "falsepos": 0.0, "time": 334277.3835610709}, "train_full": {"meanscore": 1.0}}