{"estimate": {"benchmark": 11.927222742834768, "falsepos": 0.0, "time": 64008.3399668005}, "train_full": {"meanscore": 1.0}}