{"estimate": {"benchmark": 23.631407322894532, "falsepos": 0.0, "time": 2147305221.6727395}, "train_full": {"meanscore": 1.0}}