{"estimate": {"benchmark": 3.7510870084846273, "falsepos": 5.017667422668737e-07, "time": 35.43222301188652}, "train_full": {"meanscore": 0.9999998962457709}}