{"estimate": {"benchmark": 13.929391723634009, "falsepos": 0.0, "time": 280391.58371645573}, "train_full": {"meanscore": 1.0}}