{"estimate": {"benchmark": 4.129861780550452, "falsepos": 2.436021939722366e-08, "time": 60.468477175831914}, "train_full": {"meanscore": 0.999999998949046}}