{"estimate": {"benchmark": 3.9058553567730754, "falsepos": 2.559500098531231e-07, "time": 40.864710292046034}, "train_full": {"meanscore": 0.9999999775327932}}