{"estimate": {"benchmark": 7.069874172786242, "falsepos": 0.0, "time": 798.6076572269228}, "train_full": {"meanscore": 1.0}}