{"estimate": {"benchmark": 17.083330993042914, "falsepos": 0.0, "time": 4635732.9611007115}, "train_full": {"meanscore": 1.0}}