{"estimate": {"benchmark": 21.037057208698005, "falsepos": 0.0, "time": 192515739.2694482}, "train_full": {"meanscore": 1.0}}