{"estimate": {"benchmark": 4.858942663016667, "falsepos": 2.3680657434965724e-10, "time": 121.78843670455662}, "train_full": {"meanscore": 0.9999999999975493}}