{"estimate": {"benchmark": 6.588310342093587, "falsepos": 0.0, "time": 489.7042823839874}, "train_full": {"meanscore": 1.0}}