{"estimate": {"benchmark": 16.788557003105872, "falsepos": 0.0, "time": 4021062.1977740875}, "train_full": {"meanscore": 1.0}}