{"estimate": {"benchmark": 8.374816704799779, "falsepos": 0.0, "time": 2250.4915869812985}, "train_full": {"meanscore": 1.0}}