{"estimate": {"benchmark": 8.165736467895428, "falsepos": 0.0, "time": 2094.552146268628}, "train_full": {"meanscore": 1.0}}