{"estimate": {"benchmark": 6.5368788217055585, "falsepos": 0.0, "time": 520.2231933990083}, "train_full": {"meanscore": 1.0}}