{"estimate": {"benchmark": 13.315921791187582, "falsepos": 0.0, "time": 201429.92931198335}, "train_full": {"meanscore": 1.0}}