{"estimate": {"benchmark": 25.844485431213933, "falsepos": 0.0, "time": 9594072925.240738}, "train_full": {"meanscore": 1.0}}