{"estimate": {"benchmark": 24.148810189668946, "falsepos": 0.0, "time": 3040539423.4011993}, "train_full": {"meanscore": 1.0}}