{"estimate": {"benchmark": 11.72724032117586, "falsepos": 0.0, "time": 41926.07028529407}, "train_full": {"meanscore": 1.0}}