{"estimate": {"benchmark": 2.992360921665171, "falsepos": 2.3080436551525807e-05, "time": 21.221531031371093}, "train_full": {"meanscore": 0.9999936934033506}}