{"estimate": {"benchmark": 14.26783141988647, "falsepos": 0.0, "time": 506809.80192076653}, "train_full": {"meanscore": 1.0}}