{"estimate": {"benchmark": 11.43962965652721, "falsepos": 0.0, "time": 31206.89199331793}, "train_full": {"meanscore": 1.0}}