{"estimate": {"benchmark": 15.432855215650829, "falsepos": 0.0, "time": 1085060.0279785616}, "train_full": {"meanscore": 1.0}}