{"estimate": {"benchmark": 13.790333138594391, "falsepos": 0.0, "time": 281639.118823433}, "train_full": {"meanscore": 1.0}}