{"estimate": {"benchmark": 18.262406243214908, "falsepos": 0.0, "time": 15396967.318305722}, "train_full": {"meanscore": 1.0}}