{"estimate": {"benchmark": 9.43524695723649, "falsepos": 0.0, "time": 6413.685544485128}, "train_full": {"meanscore": 1.0}}