{"estimate": {"benchmark": 15.05412956539392, "falsepos": 0.0, "time": 913615.8173010243}, "train_full": {"meanscore": 1.0}}