{"estimate": {"benchmark": 16.857267573411008, "falsepos": 0.0, "time": 3760884.0776806}, "train_full": {"meanscore": 1.0}}