{"estimate": {"benchmark": 2.4614117009312677, "falsepos": 0.0003566318942419544, "time": 13.275102253495403}, "train_full": {"meanscore": 0.9998800085542693}}