{"estimate": {"benchmark": 6.626421808876719, "falsepos": 0.0, "time": 585.5322039356272}, "train_full": {"meanscore": 1.0}}