{"estimate": {"benchmark": 0.6162415723698367, "falsepos": 0.21948547679232078, "time": 2.857845692030447}, "train_full": {"meanscore": 0.788007290872398}}