{"estimate": {"benchmark": 11.965257084180458, "falsepos": 0.0, "time": 54520.402745716776}, "train_full": {"meanscore": 1.0}}