{"estimate": {"benchmark": 0.7054936998941078, "falsepos": 0.14489378621659377, "time": 2.761283769877035}, "train_full": {"meanscore": 0.8868270191428826}}