{"estimate": {"benchmark": 23.492296008166466, "falsepos": 0.0, "time": 1673042845.2750964}, "train_full": {"meanscore": 1.0}}