{"estimate": {"benchmark": 24.048514113975468, "falsepos": 0.0, "time": 2961507079.952935}, "train_full": {"meanscore": 1.0}}