{"estimate": {"benchmark": 8.799968189306217, "falsepos": 0.0, "time": 3141.2755693652944}, "train_full": {"meanscore": 1.0}}