{"estimate": {"benchmark": 14.942179876878456, "falsepos": 0.0, "time": 663825.8711739795}, "train_full": {"meanscore": 1.0}}