{"estimate": {"benchmark": 9.768580451639531, "falsepos": 0.0, "time": 8244.01805501601}, "train_full": {"meanscore": 1.0}}