{"estimate": {"benchmark": 9.698150141417264, "falsepos": 0.0, "time": 8223.049192190489}, "train_full": {"meanscore": 1.0}}