{"estimate": {"benchmark": 1.9962318735303466, "falsepos": 0.004159760950854685, "time": 9.16597248186279}, "train_full": {"meanscore": 0.9978993529050183}}