{"estimate": {"benchmark": 22.680493040642897, "falsepos": 0.0, "time": 767639826.7426281}, "train_full": {"meanscore": 1.0}}