{"estimate": {"benchmark": 11.550343477204919, "falsepos": 0.0, "time": 38850.683312594614}, "train_full": {"meanscore": 1.0}}