{"estimate": {"benchmark": 25.640594376928597, "falsepos": 0.0, "time": 10220374722.84734}, "train_full": {"meanscore": 1.0}}