{"estimate": {"benchmark": 22.606996095046057, "falsepos": 0.0, "time": 699123997.8762608}, "train_full": {"meanscore": 1.0}}