{"estimate": {"benchmark": 4.644632169262378, "falsepos": 3.5964775602082e-10, "time": 101.03784875184883}, "train_full": {"meanscore": 0.999999999994481}}