{"estimate": {"benchmark": 3.6023953532410733, "falsepos": 3.599308216362118e-06, "time": 35.27357719918974}, "train_full": {"meanscore": 0.9999995854244157}}