{"estimate": {"benchmark": 4.740205866814178, "falsepos": 3.407026882840114e-10, "time": 111.0664570736921}, "train_full": {"meanscore": 0.9999999999973432}}