{"estimate": {"benchmark": 0.8184223552647677, "falsepos": 0.14663861460755512, "time": 2.7969521774301547}, "train_full": {"meanscore": 0.8971647573344548}}