{"estimate": {"benchmark": 6.627437960176272, "falsepos": 0.0, "time": 612.8108636399267}, "train_full": {"meanscore": 1.0}}