{"estimate": {"benchmark": 24.0454835156424, "falsepos": 0.0, "time": 3078459279.1965246}, "train_full": {"meanscore": 1.0}}