{"estimate": {"benchmark": 12.67123170696698, "falsepos": 0.0, "time": 111455.64016193336}, "train_full": {"meanscore": 1.0}}