{"estimate": {"benchmark": 25.414252196884014, "falsepos": 0.0, "time": 8004182668.524593}, "train_full": {"meanscore": 1.0}}