{"estimate": {"benchmark": 12.692770316373297, "falsepos": 0.0, "time": 100336.76376976521}, "train_full": {"meanscore": 1.0}}