{"estimate": {"benchmark": 14.294755078535438, "falsepos": 0.0, "time": 525367.1190821168}, "train_full": {"meanscore": 1.0}}