{"estimate": {"benchmark": 7.954291400431742, "falsepos": 0.0, "time": 1784.1007213896655}, "train_full": {"meanscore": 1.0}}