{"estimate": {"benchmark": 22.719672154751322, "falsepos": 0.0, "time": 625915110.3363943}, "train_full": {"meanscore": 1.0}}