{"estimate": {"benchmark": 7.720071364368963, "falsepos": 0.0, "time": 1372.659330025479}, "train_full": {"meanscore": 1.0}}