{"estimate": {"benchmark": 16.883271925286707, "falsepos": 0.0, "time": 5165810.399940833}, "train_full": {"meanscore": 1.0}}