{"estimate": {"benchmark": 11.39488044931104, "falsepos": 0.0, "time": 33984.21179907297}, "train_full": {"meanscore": 1.0}}