{"estimate": {"benchmark": 17.89017587852219, "falsepos": 0.0, "time": 10245813.78305558}, "train_full": {"meanscore": 1.0}}