{"estimate": {"benchmark": 23.665134542032416, "falsepos": 0.0, "time": 1984742991.6944466}, "train_full": {"meanscore": 1.0}}