{"estimate": {"benchmark": 0.440155646956983, "falsepos": 0.24089331732113906, "time": 2.3381298705394156}, "train_full": {"meanscore": 0.7923936202822183}}