{"estimate": {"benchmark": 4.741235725885471, "falsepos": 3.074471788266919e-10, "time": 111.15378913576328}, "train_full": {"meanscore": 0.9999999999972938}}