{"estimate": {"benchmark": 20.504724064554757, "falsepos": 0.0, "time": 117311534.12619343}, "train_full": {"meanscore": 1.0}}