{"estimate": {"benchmark": 12.966335654532088, "falsepos": 0.0, "time": 135150.9763158953}, "train_full": {"meanscore": 1.0}}