{"estimate": {"benchmark": 2.1888250132833558, "falsepos": 0.0007994518956487839, "time": 11.083912718873885}, "train_full": {"meanscore": 0.9997617077776872}}