{"estimate": {"benchmark": 10.087324306051118, "falsepos": 0.0, "time": 12063.29716288657}, "train_full": {"meanscore": 1.0}}