{"estimate": {"benchmark": 24.83811421851599, "falsepos": 0.0, "time": 4026359097.9500685}, "train_full": {"meanscore": 1.0}}