{"estimate": {"benchmark": 22.281320632421497, "falsepos": 0.0, "time": 454102692.22216505}, "train_full": {"meanscore": 1.0}}