{"estimate": {"benchmark": 19.983949450593546, "falsepos": 0.0, "time": 66360550.15298579}, "train_full": {"meanscore": 1.0}}