{"estimate": {"benchmark": 11.779414804847967, "falsepos": 0.0, "time": 43126.13320247956}, "train_full": {"meanscore": 1.0}}