{"estimate": {"benchmark": 9.214930929016864, "falsepos": 0.0, "time": 4614.727264907418}, "train_full": {"meanscore": 1.0}}