{"estimate": {"benchmark": 9.279952097257356, "falsepos": 0.0, "time": 5907.160746021069}, "train_full": {"meanscore": 1.0}}