{"estimate": {"benchmark": 18.432802943551845, "falsepos": 0.0, "time": 20681629.5101463}, "train_full": {"meanscore": 1.0}}