{"estimate": {"benchmark": 2.215062248913475, "falsepos": 0.0008517775217122825, "time": 11.41297367682471}, "train_full": {"meanscore": 0.9996801901267545}}