{"estimate": {"benchmark": 2.8211521959633186, "falsepos": 0.0001624581957123672, "time": 18.280203010684357}, "train_full": {"meanscore": 0.9999498111076734}}