{"estimate": {"benchmark": 7.8589356130429495, "falsepos": 0.0, "time": 1823.2392406883228}, "train_full": {"meanscore": 1.0}}