{"estimate": {"benchmark": 11.412033969153685, "falsepos": 0.0, "time": 35917.7233737688}, "train_full": {"meanscore": 1.0}}