{"estimate": {"benchmark": 2.811786363321645, "falsepos": 7.671734480396708e-05, "time": 21.019432351208962}, "train_full": {"meanscore": 0.9999718721080548}}