{"estimate": {"benchmark": 13.940622236164668, "falsepos": 0.0, "time": 320603.67933422653}, "train_full": {"meanscore": 1.0}}