{"estimate": {"benchmark": 23.18455904665349, "falsepos": 0.0, "time": 1097433814.06434}, "train_full": {"meanscore": 1.0}}