{"estimate": {"benchmark": 9.305740468925269, "falsepos": 0.0, "time": 5341.975424462834}, "train_full": {"meanscore": 1.0}}