{"estimate": {"benchmark": 20.936061221667384, "falsepos": 0.0, "time": 148881374.37242922}, "train_full": {"meanscore": 1.0}}