{"estimate": {"benchmark": 19.68150467742888, "falsepos": 0.0, "time": 49852767.69610141}, "train_full": {"meanscore": 1.0}}