{"estimate": {"benchmark": 14.754559210063848, "falsepos": 0.0, "time": 567209.6552880844}, "train_full": {"meanscore": 1.0}}