{"estimate": {"benchmark": 18.691429601303316, "falsepos": 0.0, "time": 21181554.57580379}, "train_full": {"meanscore": 1.0}}