{"estimate": {"benchmark": 20.438051245053884, "falsepos": 0.0, "time": 116093733.77689935}, "train_full": {"meanscore": 1.0}}