{"estimate": {"benchmark": 23.70356799264209, "falsepos": 0.0, "time": 1574502715.252919}, "train_full": {"meanscore": 1.0}}