{"estimate": {"benchmark": 12.657762598007144, "falsepos": 0.0, "time": 111849.97541956638}, "train_full": {"meanscore": 1.0}}