{"estimate": {"benchmark": 13.827018235013716, "falsepos": 0.0, "time": 268592.94519946625}, "train_full": {"meanscore": 1.0}}