{"estimate": {"benchmark": 23.45712653173578, "falsepos": 0.0, "time": 1121978144.9495945}, "train_full": {"meanscore": 1.0}}