{"estimate": {"benchmark": 25.27809927848694, "falsepos": 0.0, "time": 7972404677.534279}, "train_full": {"meanscore": 1.0}}