{"estimate": {"benchmark": 0.6350733024657637, "falsepos": 0.1699988768281091, "time": 2.8746721593808053}, "train_full": {"meanscore": 0.8236529626749189}}