{"estimate": {"benchmark": 17.625040786837122, "falsepos": 0.0, "time": 8484137.698764138}, "train_full": {"meanscore": 1.0}}