{"estimate": {"benchmark": 19.658726923252896, "falsepos": 0.0, "time": 52486900.15098037}, "train_full": {"meanscore": 1.0}}