{"estimate": {"benchmark": 23.562087939228636, "falsepos": 0.0, "time": 1665809343.2475395}, "train_full": {"meanscore": 1.0}}