{"estimate": {"benchmark": 10.208012135696979, "falsepos": 0.0, "time": 13087.156846312068}, "train_full": {"meanscore": 1.0}}