{"estimate": {"benchmark": 2.4575812149513174, "falsepos": 0.000546379554946852, "time": 14.321905279401784}, "train_full": {"meanscore": 0.9997790480161339}}