{"estimate": {"benchmark": 14.638372919087926, "falsepos": 0.0, "time": 652581.0802419665}, "train_full": {"meanscore": 1.0}}