{"estimate": {"benchmark": 13.942222186168319, "falsepos": 0.0, "time": 307929.64889115456}, "train_full": {"meanscore": 1.0}}