{"estimate": {"benchmark": 23.64917192173945, "falsepos": 0.0, "time": 2056866093.157762}, "train_full": {"meanscore": 1.0}}