{"estimate": {"benchmark": 9.511394499527018, "falsepos": 0.0, "time": 7090.958942391483}, "train_full": {"meanscore": 1.0}}