{"estimate": {"benchmark": 24.76143799533122, "falsepos": 0.0, "time": 4260617657.6240263}, "train_full": {"meanscore": 1.0}}