{"estimate": {"benchmark": 13.257131060592167, "falsepos": 0.0, "time": 173375.00341928715}, "train_full": {"meanscore": 1.0}}