{"estimate": {"benchmark": 4.294242653596346, "falsepos": 7.711701277557381e-09, "time": 80.20341163211066}, "train_full": {"meanscore": 0.9999999997884472}}