{"estimate": {"benchmark": 24.52917866143231, "falsepos": 0.0, "time": 3470660102.767432}, "train_full": {"meanscore": 1.0}}