{"estimate": {"benchmark": 6.574479988038867, "falsepos": 0.0, "time": 574.0692903514413}, "train_full": {"meanscore": 1.0}}