{"estimate": {"benchmark": 12.613668135256633, "falsepos": 0.0, "time": 97437.83934961654}, "train_full": {"meanscore": 1.0}}