{"estimate": {"benchmark": 1.8563586799916239, "falsepos": 0.006161727672457817, "time": 8.861223407329229}, "train_full": {"meanscore": 0.9969927305264136}}