{"estimate": {"benchmark": 2.782963011819723, "falsepos": 4.670492366853907e-05, "time": 19.285381091654074}, "train_full": {"meanscore": 0.9999846202310841}}