{"estimate": {"benchmark": 10.839145887051583, "falsepos": 0.0, "time": 20230.041926810776}, "train_full": {"meanscore": 1.0}}