{"estimate": {"benchmark": 19.978934894911067, "falsepos": 0.0, "time": 72565385.90623571}, "train_full": {"meanscore": 1.0}}