{"estimate": {"benchmark": 12.058860678529808, "falsepos": 0.0, "time": 62985.22416404435}, "train_full": {"meanscore": 1.0}}