{"estimate": {"benchmark": 0.5192935885657062, "falsepos": 0.22949092585775788, "time": 2.5516140410659807}, "train_full": {"meanscore": 0.7943409442364575}}