{"estimate": {"benchmark": 14.323620125151553, "falsepos": 0.0, "time": 369666.0708072477}, "train_full": {"meanscore": 1.0}}