{"estimate": {"benchmark": 15.072218736176657, "falsepos": 0.0, "time": 886740.674271369}, "train_full": {"meanscore": 1.0}}