{"estimate": {"benchmark": 13.878789837222099, "falsepos": 0.0, "time": 337761.56296953687}, "train_full": {"meanscore": 1.0}}