{"estimate": {"benchmark": 0.9920718952896924, "falsepos": 0.07345037699445622, "time": 4.4136045104497725}, "train_full": {"meanscore": 0.9549277707079067}}