{"estimate": {"benchmark": 12.401616849767734, "falsepos": 0.0, "time": 91180.53429908717}, "train_full": {"meanscore": 1.0}}