{"estimate": {"benchmark": 17.370027551571145, "falsepos": 0.0, "time": 6502633.710526929}, "train_full": {"meanscore": 1.0}}