{"estimate": {"benchmark": 12.563248142935358, "falsepos": 0.0, "time": 92099.21323568397}, "train_full": {"meanscore": 1.0}}