{"estimate": {"benchmark": 19.988350691933718, "falsepos": 0.0, "time": 75245356.05767025}, "train_full": {"meanscore": 1.0}}