{"estimate": {"benchmark": 10.560614328933651, "falsepos": 0.0, "time": 16385.629859825956}, "train_full": {"meanscore": 1.0}}