{"estimate": {"benchmark": 14.901705583041421, "falsepos": 0.0, "time": 717727.4763423515}, "train_full": {"meanscore": 1.0}}