{"estimate": {"benchmark": 20.80038742802576, "falsepos": 0.0, "time": 113651574.59364037}, "train_full": {"meanscore": 1.0}}