{"estimate": {"benchmark": 7.8768292220189, "falsepos": 0.0, "time": 1817.8142914099817}, "train_full": {"meanscore": 1.0}}