{"estimate": {"benchmark": 1.4412267426444947, "falsepos": 0.03402593506546525, "time": 5.1174924714794034}, "train_full": {"meanscore": 0.9704023238007051}}