{"estimate": {"benchmark": 6.536918706080071, "falsepos": 0.0, "time": 519.7776308619634}, "train_full": {"meanscore": 1.0}}