{"estimate": {"benchmark": 3.2831302145165253, "falsepos": 1.6230606124434388e-05, "time": 26.73368970860752}, "train_full": {"meanscore": 0.9999977638629227}}