{"estimate": {"benchmark": 24.461458570068395, "falsepos": 0.0, "time": 3607851398.2721095}, "train_full": {"meanscore": 1.0}}