{"estimate": {"benchmark": 22.03099764236143, "falsepos": 0.0, "time": 320296810.1237876}, "train_full": {"meanscore": 1.0}}