{"estimate": {"benchmark": 15.393585901738284, "falsepos": 0.0, "time": 1087774.8732020666}, "train_full": {"meanscore": 1.0}}