{"estimate": {"benchmark": 1.5687655176436837, "falsepos": 0.016324469439762068, "time": 6.295895936794652}, "train_full": {"meanscore": 0.9899347152262021}}