{"estimate": {"benchmark": 14.108704466954642, "falsepos": 0.0, "time": 395535.9883467148}, "train_full": {"meanscore": 1.0}}