{"estimate": {"benchmark": 13.096771336027764, "falsepos": 0.0, "time": 163562.77476450775}, "train_full": {"meanscore": 1.0}}