{"estimate": {"benchmark": 4.218119119659387, "falsepos": 1.0229155966712256e-08, "time": 72.84190185693011}, "train_full": {"meanscore": 0.9999999995975418}}