{"estimate": {"benchmark": 17.768666329862544, "falsepos": 0.0, "time": 8306909.337472539}, "train_full": {"meanscore": 1.0}}