{"estimate": {"benchmark": 20.097518688717223, "falsepos": 0.0, "time": 67401438.43022503}, "train_full": {"meanscore": 1.0}}