{"estimate": {"benchmark": 2.899898654560716, "falsepos": 0.00014231593585545266, "time": 20.154688401795426}, "train_full": {"meanscore": 0.9999657990580277}}