{"estimate": {"benchmark": 18.966797457675323, "falsepos": 0.0, "time": 28722321.334622625}, "train_full": {"meanscore": 1.0}}