{"estimate": {"benchmark": 7.654187119119779, "falsepos": 0.0, "time": 1322.150492691839}, "train_full": {"meanscore": 1.0}}