{"estimate": {"benchmark": 7.00111657246851, "falsepos": 0.0, "time": 759.6785038095818}, "train_full": {"meanscore": 1.0}}