{"estimate": {"benchmark": 17.0032098876936, "falsepos": 0.0, "time": 5239820.469105074}, "train_full": {"meanscore": 1.0}}