{"estimate": {"benchmark": 14.357480820959122, "falsepos": 0.0, "time": 420375.390278054}, "train_full": {"meanscore": 1.0}}