{"estimate": {"benchmark": 5.343789325146007, "falsepos": 6.20281603858075e-13, "time": 170.8261324504631}, "train_full": {"meanscore": 0.9999999999999953}}