{"estimate": {"benchmark": 22.01713876517776, "falsepos": 0.0, "time": 332531638.004531}, "train_full": {"meanscore": 1.0}}