{"estimate": {"benchmark": 10.313508016970308, "falsepos": 0.0, "time": 13399.677034279977}, "train_full": {"meanscore": 1.0}}