{"estimate": {"benchmark": 11.814224514617443, "falsepos": 0.0, "time": 44216.83803342135}, "train_full": {"meanscore": 1.0}}