{"estimate": {"benchmark": 3.721336757858022, "falsepos": 3.787186428905187e-07, "time": 43.97693492396395}, "train_full": {"meanscore": 0.9999999627783479}}