{"estimate": {"benchmark": 19.202952222043137, "falsepos": 0.0, "time": 38536243.75528273}, "train_full": {"meanscore": 1.0}}