{"estimate": {"benchmark": 22.749953149342726, "falsepos": 0.0, "time": 811105497.9966328}, "train_full": {"meanscore": 1.0}}