{"estimate": {"benchmark": 25.197243419836266, "falsepos": 0.0, "time": 7459238197.184636}, "train_full": {"meanscore": 1.0}}