{"estimate": {"benchmark": 13.451785832368724, "falsepos": 0.0, "time": 196583.3721172769}, "train_full": {"meanscore": 1.0}}