{"estimate": {"benchmark": 4.92717569907116, "falsepos": 1.4797052472204086e-11, "time": 140.65522012088502}, "train_full": {"meanscore": 0.9999999999999227}}