{"estimate": {"benchmark": 16.626228726248016, "falsepos": 0.0, "time": 4007372.563835607}, "train_full": {"meanscore": 1.0}}