{"estimate": {"benchmark": 7.542673345260772, "falsepos": 0.0, "time": 1153.670222692821}, "train_full": {"meanscore": 1.0}}