{"estimate": {"benchmark": 8.105182943193832, "falsepos": 0.0, "time": 1907.6149698729073}, "train_full": {"meanscore": 1.0}}