{"estimate": {"benchmark": 1.5259460472150062, "falsepos": 0.0154736294117378, "time": 6.956239705366735}, "train_full": {"meanscore": 0.9901927562767432}}