{"estimate": {"benchmark": 20.44788602471426, "falsepos": 0.0, "time": 102647183.81191829}, "train_full": {"meanscore": 1.0}}