{"estimate": {"benchmark": 17.420696531093913, "falsepos": 0.0, "time": 7255429.760734454}, "train_full": {"meanscore": 1.0}}