{"estimate": {"benchmark": 7.77791765999298, "falsepos": 0.0, "time": 1351.5018865163015}, "train_full": {"meanscore": 1.0}}