{"estimate": {"benchmark": 16.707326613728554, "falsepos": 0.0, "time": 3350085.8359967046}, "train_full": {"meanscore": 1.0}}