{"estimate": {"benchmark": 12.36435424878955, "falsepos": 0.0, "time": 81591.36477940445}, "train_full": {"meanscore": 1.0}}