{"estimate": {"benchmark": 5.157959366613791, "falsepos": 2.715605518233133e-12, "time": 139.1096309327416}, "train_full": {"meanscore": 0.9999999999999755}}