{"estimate": {"benchmark": 10.224298362655354, "falsepos": 0.0, "time": 11961.4182634348}, "train_full": {"meanscore": 1.0}}