{"estimate": {"benchmark": 23.029866979136138, "falsepos": 0.0, "time": 951971471.5089113}, "train_full": {"meanscore": 1.0}}