{"estimate": {"benchmark": 19.155246405099927, "falsepos": 0.0, "time": 34169313.969187684}, "train_full": {"meanscore": 1.0}}