{"estimate": {"benchmark": 20.192961927368383, "falsepos": 0.0, "time": 72798639.92849377}, "train_full": {"meanscore": 1.0}}