{"estimate": {"benchmark": 14.769322812883459, "falsepos": 0.0, "time": 597437.9385843917}, "train_full": {"meanscore": 1.0}}