{"estimate": {"benchmark": 8.950102123948902, "falsepos": 0.0, "time": 3271.9855407985674}, "train_full": {"meanscore": 1.0}}