{"estimate": {"benchmark": 21.10115308598245, "falsepos": 0.0, "time": 186719636.99501145}, "train_full": {"meanscore": 1.0}}