{"estimate": {"benchmark": 16.262929405042843, "falsepos": 0.0, "time": 2265497.7178019914}, "train_full": {"meanscore": 1.0}}