{"estimate": {"benchmark": 6.249551422175252, "falsepos": 2.220446049250313e-16, "time": 392.87547497225177}, "train_full": {"meanscore": 1.0}}