{"estimate": {"benchmark": 6.492398559586862, "falsepos": 0.0, "time": 437.3449179608903}, "train_full": {"meanscore": 1.0}}