{"estimate": {"benchmark": 24.4461777455629, "falsepos": 0.0, "time": 3777386712.3018765}, "train_full": {"meanscore": 1.0}}