{"estimate": {"benchmark": 7.069708277805499, "falsepos": 0.0, "time": 797.9738581215057}, "train_full": {"meanscore": 1.0}}