{"estimate": {"benchmark": 19.85314821369186, "falsepos": 0.0, "time": 52360137.86555849}, "train_full": {"meanscore": 1.0}}