{"estimate": {"benchmark": 15.479576971020595, "falsepos": 0.0, "time": 1121503.822163622}, "train_full": {"meanscore": 1.0}}