{"estimate": {"benchmark": 24.162110712313986, "falsepos": 0.0, "time": 2151939491.142459}, "train_full": {"meanscore": 1.0}}