{"estimate": {"benchmark": 20.521445181205657, "falsepos": 0.0, "time": 109715280.7947573}, "train_full": {"meanscore": 1.0}}