{"estimate": {"benchmark": 18.989721798585332, "falsepos": 0.0, "time": 21832203.09182073}, "train_full": {"meanscore": 1.0}}