{"estimate": {"benchmark": 17.22601151894779, "falsepos": 0.0, "time": 5066343.051374848}, "train_full": {"meanscore": 1.0}}