{"estimate": {"benchmark": 0.7072702106150537, "falsepos": 0.19342289249671707, "time": 3.1530388429163363}, "train_full": {"meanscore": 0.7980328378043489}}