{"estimate": {"benchmark": 15.760351589429504, "falsepos": 0.0, "time": 1606143.015995885}, "train_full": {"meanscore": 1.0}}