{"estimate": {"benchmark": 11.90749583605885, "falsepos": 0.0, "time": 62068.27088774379}, "train_full": {"meanscore": 1.0}}