{"estimate": {"benchmark": 9.114073547112, "falsepos": 0.0, "time": 4547.507587971771}, "train_full": {"meanscore": 1.0}}