{"estimate": {"benchmark": 23.544888617362588, "falsepos": 0.0, "time": 1501966710.5738347}, "train_full": {"meanscore": 1.0}}