{"estimate": {"benchmark": 8.520060583182914, "falsepos": 0.0, "time": 2480.503333838161}, "train_full": {"meanscore": 1.0}}