{"estimate": {"benchmark": 16.511113924330793, "falsepos": 0.0, "time": 2573543.614833181}, "train_full": {"meanscore": 1.0}}