{"estimate": {"benchmark": 7.842329653771429, "falsepos": 0.0, "time": 1773.3027629396827}, "train_full": {"meanscore": 1.0}}