{"estimate": {"benchmark": 18.69725038450672, "falsepos": 0.0, "time": 19893176.847950485}, "train_full": {"meanscore": 1.0}}