{"estimate": {"benchmark": 11.738618762016593, "falsepos": 0.0, "time": 43977.989817352645}, "train_full": {"meanscore": 1.0}}