{"estimate": {"benchmark": 10.958758319832487, "falsepos": 0.0, "time": 20711.4657652365}, "train_full": {"meanscore": 1.0}}