{"estimate": {"benchmark": 9.768072857465189, "falsepos": 0.0, "time": 8242.913433392741}, "train_full": {"meanscore": 1.0}}