{"estimate": {"benchmark": 25.125627785199292, "falsepos": 0.0, "time": 6783015905.539499}, "train_full": {"meanscore": 1.0}}