{"estimate": {"benchmark": 21.759142094144547, "falsepos": 0.0, "time": 252741023.86890137}, "train_full": {"meanscore": 1.0}}