{"estimate": {"benchmark": 17.5799972677837, "falsepos": 0.0, "time": 8086250.363877084}, "train_full": {"meanscore": 1.0}}