{"estimate": {"benchmark": 13.871862440729798, "falsepos": 0.0, "time": 347060.82895774004}, "train_full": {"meanscore": 1.0}}