{"estimate": {"benchmark": 23.151781142349495, "falsepos": 0.0, "time": 1031359168.0606773}, "train_full": {"meanscore": 1.0}}