{"estimate": {"benchmark": 22.93098300441039, "falsepos": 0.0, "time": 884894218.8382812}, "train_full": {"meanscore": 1.0}}