{"estimate": {"benchmark": 24.30788200081729, "falsepos": 0.0, "time": 2661425028.7444277}, "train_full": {"meanscore": 1.0}}