{"estimate": {"benchmark": 9.780873126767734, "falsepos": 0.0, "time": 8074.9652002225375}, "train_full": {"meanscore": 1.0}}