{"estimate": {"benchmark": 4.941259034593158, "falsepos": 8.53217496654679e-12, "time": 133.9474859885561}, "train_full": {"meanscore": 0.9999999999999203}}