{"estimate": {"benchmark": 3.3375066380910683, "falsepos": 1.1323206148716736e-05, "time": 28.192715596055}, "train_full": {"meanscore": 0.9999978665608742}}