{"estimate": {"benchmark": 23.649167999066805, "falsepos": 0.0, "time": 2057946105.7628448}, "train_full": {"meanscore": 1.0}}