{"estimate": {"benchmark": 3.594208554234412, "falsepos": 2.978469245462634e-06, "time": 34.41647712074688}, "train_full": {"meanscore": 0.9999995681995177}}