{"estimate": {"benchmark": 4.4656078074209, "falsepos": 3.1914240139485628e-09, "time": 81.72373942311964}, "train_full": {"meanscore": 0.9999999998411178}}