{"estimate": {"benchmark": 2.006120066998068, "falsepos": 0.002857755665881978, "time": 9.732080358169288}, "train_full": {"meanscore": 0.9985830330726392}}