{"estimate": {"benchmark": 11.59247594641506, "falsepos": 0.0, "time": 37685.6465228555}, "train_full": {"meanscore": 1.0}}