{"estimate": {"benchmark": 3.970270342593725, "falsepos": 3.605192522293521e-08, "time": 60.73657758393817}, "train_full": {"meanscore": 0.9999999961425088}}