{"estimate": {"benchmark": 16.20664907145403, "falsepos": 0.0, "time": 2996372.1234748494}, "train_full": {"meanscore": 1.0}}