{"estimate": {"benchmark": 2.1455238545180677, "falsepos": 0.001005567830394627, "time": 10.667477552513022}, "train_full": {"meanscore": 0.9995431049083319}}