{"estimate": {"benchmark": 5.570323443267995, "falsepos": 5.861977570020827e-14, "time": 236.15317404313032}, "train_full": {"meanscore": 0.9999999999999997}}