{"estimate": {"benchmark": 13.579720590965461, "falsepos": 0.0, "time": 241640.9099335319}, "train_full": {"meanscore": 1.0}}