{"estimate": {"benchmark": 11.702312606510365, "falsepos": 0.0, "time": 46172.199004876325}, "train_full": {"meanscore": 1.0}}