{"estimate": {"benchmark": 22.058155467592808, "falsepos": 0.0, "time": 339689751.3761665}, "train_full": {"meanscore": 1.0}}