{"estimate": {"benchmark": 7.519848178585974, "falsepos": 0.0, "time": 1180.4675225278152}, "train_full": {"meanscore": 1.0}}