{"estimate": {"benchmark": 21.514477249344928, "falsepos": 0.0, "time": 218319991.0956447}, "train_full": {"meanscore": 1.0}}