{"estimate": {"benchmark": 24.42713891301138, "falsepos": 0.0, "time": 3084337553.3145757}, "train_full": {"meanscore": 1.0}}