{"estimate": {"benchmark": 20.299686623795225, "falsepos": 0.0, "time": 83856573.83421418}, "train_full": {"meanscore": 1.0}}