{"estimate": {"benchmark": 12.2526486438328, "falsepos": 0.0, "time": 77632.70861887051}, "train_full": {"meanscore": 1.0}}