{"estimate": {"benchmark": 3.483273064471405, "falsepos": 1.697571168746137e-06, "time": 36.8740909178373}, "train_full": {"meanscore": 0.9999997812139774}}