{"estimate": {"benchmark": 18.875634625266553, "falsepos": 0.0, "time": 26122406.26856113}, "train_full": {"meanscore": 1.0}}