{"estimate": {"benchmark": 1.1033801841758977, "falsepos": 0.07322493956024889, "time": 3.7404257211970653}, "train_full": {"meanscore": 0.946234783375141}}