{"estimate": {"benchmark": 20.827225272475157, "falsepos": 0.0, "time": 170505233.73475006}, "train_full": {"meanscore": 1.0}}