{"estimate": {"benchmark": 17.26552377382326, "falsepos": 0.0, "time": 5292890.030899296}, "train_full": {"meanscore": 1.0}}