{"estimate": {"benchmark": 20.425474810318455, "falsepos": 0.0, "time": 99387605.14570387}, "train_full": {"meanscore": 1.0}}