{"estimate": {"benchmark": 20.865116325190286, "falsepos": 0.0, "time": 172804937.61869654}, "train_full": {"meanscore": 1.0}}