{"estimate": {"benchmark": 1.6350926863314281, "falsepos": 0.01874710220815301, "time": 5.809309332808545}, "train_full": {"meanscore": 0.9868114985839178}}