{"estimate": {"benchmark": 1.247012482503983, "falsepos": 0.052844109344106105, "time": 4.667731069591683}, "train_full": {"meanscore": 0.9688523577456087}}