{"estimate": {"benchmark": 11.274117398969583, "falsepos": 0.0, "time": 31411.35612313223}, "train_full": {"meanscore": 1.0}}