{"estimate": {"benchmark": 16.643042426525504, "falsepos": 0.0, "time": 2991101.171465008}, "train_full": {"meanscore": 1.0}}