{"estimate": {"benchmark": 22.183157597989144, "falsepos": 0.0, "time": 546908787.1493615}, "train_full": {"meanscore": 1.0}}