{"estimate": {"benchmark": 14.066844795929704, "falsepos": 0.0, "time": 404781.65701559733}, "train_full": {"meanscore": 1.0}}