{"estimate": {"benchmark": 7.610300200845583, "falsepos": 0.0, "time": 1263.6801162402935}, "train_full": {"meanscore": 1.0}}