{"estimate": {"benchmark": 22.700534437777364, "falsepos": 0.0, "time": 611829930.6313847}, "train_full": {"meanscore": 1.0}}