{"estimate": {"benchmark": 7.6594260246716095, "falsepos": 0.0, "time": 1265.0418960134134}, "train_full": {"meanscore": 1.0}}