{"estimate": {"benchmark": 16.23869654759755, "falsepos": 0.0, "time": 2887563.3724321444}, "train_full": {"meanscore": 1.0}}