{"estimate": {"benchmark": 24.446192984758813, "falsepos": 0.0, "time": 3775514215.364813}, "train_full": {"meanscore": 1.0}}