{"estimate": {"benchmark": 11.39173179990997, "falsepos": 0.0, "time": 30381.952998920355}, "train_full": {"meanscore": 1.0}}