{"estimate": {"benchmark": 20.004940730217136, "falsepos": 0.0, "time": 73068062.77644272}, "train_full": {"meanscore": 1.0}}