{"estimate": {"benchmark": 2.4307978142681765, "falsepos": 0.0006154429599467548, "time": 13.999569732254345}, "train_full": {"meanscore": 0.9997970205062854}}