{"estimate": {"benchmark": 2.1272510763510954, "falsepos": 0.00219791105027356, "time": 10.739114508436279}, "train_full": {"meanscore": 0.998934513639332}}