{"estimate": {"benchmark": 11.49290882830092, "falsepos": 0.0, "time": 46706.079787644274}, "train_full": {"meanscore": 1.0}}