{"estimate": {"benchmark": 7.837991279510435, "falsepos": 0.0, "time": 1747.4051640723847}, "train_full": {"meanscore": 1.0}}