{"estimate": {"benchmark": 25.62873358729063, "falsepos": 0.0, "time": 9950035726.492853}, "train_full": {"meanscore": 1.0}}