{"estimate": {"benchmark": 7.8697102530199174, "falsepos": 0.0, "time": 1670.8856617515714}, "train_full": {"meanscore": 1.0}}