{"estimate": {"benchmark": 6.409100874795023, "falsepos": 0.0, "time": 407.19370094679715}, "train_full": {"meanscore": 1.0}}