{"estimate": {"benchmark": 19.46362198438874, "falsepos": 0.0, "time": 41795681.95733964}, "train_full": {"meanscore": 1.0}}