{"estimate": {"benchmark": 25.844624995983438, "falsepos": 0.0, "time": 9591919547.285297}, "train_full": {"meanscore": 1.0}}