{"estimate": {"benchmark": 22.373254680106776, "falsepos": 0.0, "time": 561882552.1115156}, "train_full": {"meanscore": 1.0}}