{"estimate": {"benchmark": 19.261878929497886, "falsepos": 0.0, "time": 32629980.851716183}, "train_full": {"meanscore": 1.0}}