{"estimate": {"benchmark": 24.11549194616796, "falsepos": 0.0, "time": 2276445616.8770933}, "train_full": {"meanscore": 1.0}}