{"estimate": {"benchmark": 6.636890601515824, "falsepos": 0.0, "time": 627.4845447725123}, "train_full": {"meanscore": 1.0}}