{"estimate": {"benchmark": 22.667985024231676, "falsepos": 0.0, "time": 814710260.541863}, "train_full": {"meanscore": 1.0}}