{"estimate": {"benchmark": 7.020429151203496, "falsepos": 0.0, "time": 797.5526609716679}, "train_full": {"meanscore": 1.0}}