{"estimate": {"benchmark": 7.944277508338758, "falsepos": 0.0, "time": 1790.4880376369547}, "train_full": {"meanscore": 1.0}}