{"estimate": {"benchmark": 3.4777239830790254, "falsepos": 5.612449986980295e-06, "time": 30.289091172174427}, "train_full": {"meanscore": 0.9999991852368739}}