{"estimate": {"benchmark": 4.4904275215348, "falsepos": 2.390965203602491e-09, "time": 84.157050606634}, "train_full": {"meanscore": 0.999999999890115}}