{"estimate": {"benchmark": 3.483664185536459, "falsepos": 2.4743561384266144e-06, "time": 37.8752201726614}, "train_full": {"meanscore": 0.9999996001662801}}