{"estimate": {"benchmark": 2.830780958700442, "falsepos": 3.648217794260944e-05, "time": 19.865529656485148}, "train_full": {"meanscore": 0.9999895452841469}}