{"estimate": {"benchmark": 7.944464782521809, "falsepos": 0.0, "time": 1656.9937597986402}, "train_full": {"meanscore": 1.0}}