{"estimate": {"benchmark": 10.176347231974317, "falsepos": 0.0, "time": 13078.322984169383}, "train_full": {"meanscore": 1.0}}