{"estimate": {"benchmark": 23.159288616240726, "falsepos": 0.0, "time": 1083168200.9552507}, "train_full": {"meanscore": 1.0}}