{"estimate": {"benchmark": 3.653128982515451, "falsepos": 3.601016040910565e-07, "time": 42.66378806302652}, "train_full": {"meanscore": 0.9999999159858043}}