{"estimate": {"benchmark": 8.273181185274641, "falsepos": 0.0, "time": 2783.2125655299333}, "train_full": {"meanscore": 1.0}}