{"estimate": {"benchmark": 21.31061125563202, "falsepos": 0.0, "time": 235076783.16678402}, "train_full": {"meanscore": 1.0}}