{"estimate": {"benchmark": 2.807446474138704, "falsepos": 6.615688880495796e-05, "time": 20.24495672247321}, "train_full": {"meanscore": 0.9999763272419568}}