{"estimate": {"benchmark": 25.45891747347732, "falsepos": 0.0, "time": 8415904617.205321}, "train_full": {"meanscore": 1.0}}