{"estimate": {"benchmark": 15.734942897289418, "falsepos": 0.0, "time": 1606360.0793725408}, "train_full": {"meanscore": 1.0}}