{"estimate": {"benchmark": 15.9600891206365, "falsepos": 0.0, "time": 1831346.0769412399}, "train_full": {"meanscore": 1.0}}