{"estimate": {"benchmark": 11.107376514644276, "falsepos": 0.0, "time": 25485.807087444664}, "train_full": {"meanscore": 1.0}}