{"estimate": {"benchmark": 14.280410446462838, "falsepos": 0.0, "time": 530556.7549984308}, "train_full": {"meanscore": 1.0}}