{"estimate": {"benchmark": 12.674689959591994, "falsepos": 0.0, "time": 104992.57856725791}, "train_full": {"meanscore": 1.0}}