{"estimate": {"benchmark": 2.0651206340881947, "falsepos": 0.0049759946657339515, "time": 9.691429792916736}, "train_full": {"meanscore": 0.9971030712218383}}