{"estimate": {"benchmark": 9.723589125166427, "falsepos": 0.0, "time": 8860.015443813167}, "train_full": {"meanscore": 1.0}}