{"estimate": {"benchmark": 7.287330021739825, "falsepos": 0.0, "time": 989.1356052811085}, "train_full": {"meanscore": 1.0}}