{"estimate": {"benchmark": 9.780513730227296, "falsepos": 0.0, "time": 7772.1373856015925}, "train_full": {"meanscore": 1.0}}