{"estimate": {"benchmark": 22.00395074326548, "falsepos": 0.0, "time": 370241506.0185437}, "train_full": {"meanscore": 1.0}}