{"estimate": {"benchmark": 10.67242096884213, "falsepos": 0.0, "time": 19593.572648909416}, "train_full": {"meanscore": 1.0}}