{"estimate": {"benchmark": 8.520026800167322, "falsepos": 0.0, "time": 2367.566393419777}, "train_full": {"meanscore": 1.0}}