{"estimate": {"benchmark": 20.25356121564962, "falsepos": 0.0, "time": 81563885.59269828}, "train_full": {"meanscore": 1.0}}