{"estimate": {"benchmark": 14.066688892720704, "falsepos": 0.0, "time": 404677.4968138405}, "train_full": {"meanscore": 1.0}}