{"estimate": {"benchmark": 24.264164521550185, "falsepos": 0.0, "time": 2942281285.067563}, "train_full": {"meanscore": 1.0}}