{"estimate": {"benchmark": 21.752771700194458, "falsepos": 0.0, "time": 280405147.91984695}, "train_full": {"meanscore": 1.0}}