{"estimate": {"benchmark": 24.741178198636977, "falsepos": 0.0, "time": 3927283977.0839343}, "train_full": {"meanscore": 1.0}}