{"estimate": {"benchmark": 10.9045653723633, "falsepos": 0.0, "time": 26355.74777439799}, "train_full": {"meanscore": 1.0}}