{"estimate": {"benchmark": 15.213903708563256, "falsepos": 0.0, "time": 904158.63992609}, "train_full": {"meanscore": 1.0}}