{"estimate": {"benchmark": 16.14100274691421, "falsepos": 0.0, "time": 2274924.187492241}, "train_full": {"meanscore": 1.0}}