{"estimate": {"benchmark": 6.982501779659915, "falsepos": 0.0, "time": 717.6639679977992}, "train_full": {"meanscore": 1.0}}