{"estimate": {"benchmark": 22.814031007729614, "falsepos": 0.0, "time": 879023475.3516307}, "train_full": {"meanscore": 1.0}}