{"estimate": {"benchmark": 6.741098604410691, "falsepos": 0.0, "time": 635.5735284967534}, "train_full": {"meanscore": 1.0}}