{"estimate": {"benchmark": 25.70283505671882, "falsepos": 0.0, "time": 9471254123.46533}, "train_full": {"meanscore": 1.0}}