{"estimate": {"benchmark": 7.4474610134854355, "falsepos": 0.0, "time": 1164.4778530589817}, "train_full": {"meanscore": 1.0}}