{"estimate": {"benchmark": 10.106980250667934, "falsepos": 0.0, "time": 12492.606834717044}, "train_full": {"meanscore": 1.0}}