{"estimate": {"benchmark": 13.988998303557976, "falsepos": 0.0, "time": 361157.03623671347}, "train_full": {"meanscore": 1.0}}