{"estimate": {"benchmark": 17.853308918627377, "falsepos": 0.0, "time": 9248138.087090509}, "train_full": {"meanscore": 1.0}}