{"estimate": {"benchmark": 18.0592602535696, "falsepos": 0.0, "time": 12492700.61774211}, "train_full": {"meanscore": 1.0}}