{"estimate": {"benchmark": 20.43798059724344, "falsepos": 0.0, "time": 110992315.14274152}, "train_full": {"meanscore": 1.0}}