{"estimate": {"benchmark": 21.312610064004854, "falsepos": 0.0, "time": 239375030.16799894}, "train_full": {"meanscore": 1.0}}