{"estimate": {"benchmark": 2.6994344064181774, "falsepos": 0.00016485525345100172, "time": 16.762961234221745}, "train_full": {"meanscore": 0.9999350319608006}}