{"estimate": {"benchmark": 14.688520453038532, "falsepos": 0.0, "time": 506901.80253262754}, "train_full": {"meanscore": 1.0}}