{"estimate": {"benchmark": 15.7113019228753, "falsepos": 0.0, "time": 1440484.2408451587}, "train_full": {"meanscore": 1.0}}