{"estimate": {"benchmark": 10.740852263835835, "falsepos": 0.0, "time": 19666.462057714092}, "train_full": {"meanscore": 1.0}}