{"estimate": {"benchmark": 0.8272186679365051, "falsepos": 0.1415533075411567, "time": 2.863430082207659}, "train_full": {"meanscore": 0.8955307345883617}}