{"estimate": {"benchmark": 24.40141761899089, "falsepos": 0.0, "time": 2681897340.2963295}, "train_full": {"meanscore": 1.0}}