{"estimate": {"benchmark": 8.753056561296685, "falsepos": 0.0, "time": 2897.8891064752843}, "train_full": {"meanscore": 1.0}}