{"estimate": {"benchmark": 15.554310544614076, "falsepos": 0.0, "time": 1196921.1101868998}, "train_full": {"meanscore": 1.0}}