{"estimate": {"benchmark": 1.0388718540437416, "falsepos": 0.0743484665340679, "time": 4.134504563198801}, "train_full": {"meanscore": 0.9553976731514824}}