{"estimate": {"benchmark": 4.126723661871446, "falsepos": 1.687217099366478e-08, "time": 66.38095076960248}, "train_full": {"meanscore": 0.9999999992761113}}