{"estimate": {"benchmark": 21.312336560843193, "falsepos": 0.0, "time": 239164194.97598496}, "train_full": {"meanscore": 1.0}}