{"estimate": {"benchmark": 22.74992226986802, "falsepos": 0.0, "time": 811503425.6068971}, "train_full": {"meanscore": 1.0}}