{"estimate": {"benchmark": 13.091063967348244, "falsepos": 0.0, "time": 155354.78731322032}, "train_full": {"meanscore": 1.0}}