{"estimate": {"benchmark": 25.537983865555752, "falsepos": 0.0, "time": 8185141222.857438}, "train_full": {"meanscore": 1.0}}