{"estimate": {"benchmark": 5.827972469462406, "falsepos": 3.885780586188048e-15, "time": 286.870308576451}, "train_full": {"meanscore": 1.0}}