{"estimate": {"benchmark": 22.8383216643657, "falsepos": 0.0, "time": 792124808.5685339}, "train_full": {"meanscore": 1.0}}