{"estimate": {"benchmark": 18.448120232945072, "falsepos": 0.0, "time": 18878075.812876444}, "train_full": {"meanscore": 1.0}}