{"estimate": {"benchmark": 10.54192270355439, "falsepos": 0.0, "time": 15679.688362531946}, "train_full": {"meanscore": 1.0}}