{"estimate": {"benchmark": 15.641625320110121, "falsepos": 0.0, "time": 1450785.370470798}, "train_full": {"meanscore": 1.0}}