{"estimate": {"benchmark": 22.005408617191225, "falsepos": 0.0, "time": 354990301.07563496}, "train_full": {"meanscore": 1.0}}