{"estimate": {"benchmark": 21.877383781731503, "falsepos": 0.0, "time": 266335861.2960023}, "train_full": {"meanscore": 1.0}}