{"estimate": {"benchmark": 17.470090756317664, "falsepos": 0.0, "time": 7335704.761562924}, "train_full": {"meanscore": 1.0}}