{"estimate": {"benchmark": 7.330706370847016, "falsepos": 0.0, "time": 1053.7927161455923}, "train_full": {"meanscore": 1.0}}