{"estimate": {"benchmark": 22.91802455120889, "falsepos": 0.0, "time": 869470604.6363993}, "train_full": {"meanscore": 1.0}}