{"estimate": {"benchmark": 23.624387764386327, "falsepos": 0.0, "time": 2088526277.9932523}, "train_full": {"meanscore": 1.0}}