{"estimate": {"benchmark": 14.946519883748648, "falsepos": 0.0, "time": 696989.8286140584}, "train_full": {"meanscore": 1.0}}