{"estimate": {"benchmark": 21.972280554226426, "falsepos": 0.0, "time": 286051413.3763147}, "train_full": {"meanscore": 1.0}}