{"estimate": {"benchmark": 22.935767553606045, "falsepos": 0.0, "time": 963765853.6078697}, "train_full": {"meanscore": 1.0}}