{"estimate": {"benchmark": 5.519444354669957, "falsepos": 8.237854842718662e-14, "time": 220.2944294336514}, "train_full": {"meanscore": 0.9999999999999992}}