{"estimate": {"benchmark": 4.783778062287515, "falsepos": 2.4968138667702533e-11, "time": 110.4809869049982}, "train_full": {"meanscore": 0.9999999999993259}}