{"estimate": {"benchmark": 24.446298466884887, "falsepos": 0.0, "time": 3779892051.7567463}, "train_full": {"meanscore": 1.0}}