{"estimate": {"benchmark": 15.060471732145503, "falsepos": 0.0, "time": 867513.7793886487}, "train_full": {"meanscore": 1.0}}