{"estimate": {"benchmark": 10.748885348409859, "falsepos": 0.0, "time": 20941.670903575843}, "train_full": {"meanscore": 1.0}}