{"estimate": {"benchmark": 18.15662508084965, "falsepos": 0.0, "time": 13365480.795625683}, "train_full": {"meanscore": 1.0}}