{"estimate": {"benchmark": 15.668705314407337, "falsepos": 0.0, "time": 1521566.8955806883}, "train_full": {"meanscore": 1.0}}