{"estimate": {"benchmark": 20.84734787275033, "falsepos": 0.0, "time": 127218175.62716906}, "train_full": {"meanscore": 1.0}}