{"estimate": {"benchmark": 23.711826729600016, "falsepos": 0.0, "time": 1830617924.8193939}, "train_full": {"meanscore": 1.0}}