{"estimate": {"benchmark": 13.163542952774208, "falsepos": 0.0, "time": 156011.25799857188}, "train_full": {"meanscore": 1.0}}