{"estimate": {"benchmark": 10.777117226379154, "falsepos": 0.0, "time": 18489.756120994713}, "train_full": {"meanscore": 1.0}}