{"estimate": {"benchmark": 23.96585570355091, "falsepos": 0.0, "time": 1818659949.3683345}, "train_full": {"meanscore": 1.0}}