{"estimate": {"benchmark": 11.335515143756073, "falsepos": 0.0, "time": 41162.27295915504}, "train_full": {"meanscore": 1.0}}