{"estimate": {"benchmark": 15.75388736089987, "falsepos": 0.0, "time": 1529185.076785864}, "train_full": {"meanscore": 1.0}}