{"estimate": {"benchmark": 7.518701903461189, "falsepos": 0.0, "time": 1180.859323983877}, "train_full": {"meanscore": 1.0}}