{"estimate": {"benchmark": 8.570857648683688, "falsepos": 0.0, "time": 2385.830114679829}, "train_full": {"meanscore": 1.0}}