{"estimate": {"benchmark": 18.431249785091005, "falsepos": 0.0, "time": 19725601.26061475}, "train_full": {"meanscore": 1.0}}