{"estimate": {"benchmark": 20.617866072307528, "falsepos": 0.0, "time": 101621242.1179848}, "train_full": {"meanscore": 1.0}}