{"estimate": {"benchmark": 15.400381002991061, "falsepos": 0.0, "time": 1036944.9856732493}, "train_full": {"meanscore": 1.0}}