{"estimate": {"benchmark": 17.03625285302285, "falsepos": 0.0, "time": 4791470.564938081}, "train_full": {"meanscore": 1.0}}