{"estimate": {"benchmark": 6.152129609670008, "falsepos": 3.3306690738754696e-16, "time": 342.90283051092126}, "train_full": {"meanscore": 1.0}}