{"estimate": {"benchmark": 7.020972850326156, "falsepos": 0.0, "time": 740.7393474813239}, "train_full": {"meanscore": 1.0}}