{"estimate": {"benchmark": 16.6377736080185, "falsepos": 0.0, "time": 3702423.0777284037}, "train_full": {"meanscore": 1.0}}