{"estimate": {"benchmark": 15.272904749004645, "falsepos": 0.0, "time": 996684.6260994489}, "train_full": {"meanscore": 1.0}}