{"estimate": {"benchmark": 2.210808629172597, "falsepos": 0.0016576224371549486, "time": 11.365402816680456}, "train_full": {"meanscore": 0.9991623069906971}}