{"estimate": {"benchmark": 22.78993194133828, "falsepos": 0.0, "time": 850123052.0419554}, "train_full": {"meanscore": 1.0}}