{"estimate": {"benchmark": 22.96245449122667, "falsepos": 0.0, "time": 915242431.4571741}, "train_full": {"meanscore": 1.0}}