{"estimate": {"benchmark": 18.654886839813322, "falsepos": 0.0, "time": 22672943.470457733}, "train_full": {"meanscore": 1.0}}