{"estimate": {"benchmark": 22.735515825377885, "falsepos": 0.0, "time": 800103929.6336571}, "train_full": {"meanscore": 1.0}}