{"estimate": {"benchmark": 7.850850297362854, "falsepos": 0.0, "time": 1498.9146292911298}, "train_full": {"meanscore": 1.0}}