{"estimate": {"benchmark": 17.426394300170816, "falsepos": 0.0, "time": 7039568.942447085}, "train_full": {"meanscore": 1.0}}