{"estimate": {"benchmark": 14.811239918315822, "falsepos": 0.0, "time": 738024.9677077271}, "train_full": {"meanscore": 1.0}}