{"estimate": {"benchmark": 23.645422495099666, "falsepos": 0.0, "time": 1996861965.5862825}, "train_full": {"meanscore": 1.0}}