{"estimate": {"benchmark": 8.797049371256332, "falsepos": 0.0, "time": 3165.5765738121863}, "train_full": {"meanscore": 1.0}}