{"estimate": {"benchmark": 3.3828556660922415, "falsepos": 6.945082483555964e-06, "time": 27.282223777385813}, "train_full": {"meanscore": 0.999998605784865}}