{"estimate": {"benchmark": 24.060139663739818, "falsepos": 0.0, "time": 1941847869.431889}, "train_full": {"meanscore": 1.0}}