{"classifier": {"errors": 392}, "model": {"time": 29.145790433789916}, "results": {"f1-score": 0.9999991218375779}}