{"classifier": {"errors": 579}, "model": {"time": 122.23846927994185}, "results": {"f1-score": 0.9999999999975798}}