{"classifier": {"errors": 359}, "model": {"time": 21.924754255672994}, "results": {"f1-score": 0.9999930367217076}}