{"classifier": {"errors": 234}, "model": {"time": 11.652034209391639}, "results": {"f1-score": 0.9976902486727577}}