{"classifier": {"errors": 684}, "model": {"time": 290.26321375948737}, "results": {"f1-score": 0.9999999999999997}}