{"classifier": {"errors": 462}, "model": {"time": 54.76747526172119}, "results": {"f1-score": 0.9999999865350001}}