{"classifier": {"errors": 600}, "model": {"time": 145.1585720278404}, "results": {"f1-score": 0.999999999999388}}