{"classifier": {"errors": 527}, "model": {"time": 72.42555833178486}, "results": {"f1-score": 0.9999999998495365}}