{"classifier": {"errors": 172}, "model": {"time": 6.044970872810518}, "results": {"f1-score": 0.9589838158628259}}