{"classifier": {"errors": 213}, "model": {"time": 8.045732394442279}, "results": {"f1-score": 0.9911152103948941}}