{"classifier": {"errors": 208}, "model": {"time": 8.045477545361933}, "results": {"f1-score": 0.9881660405159414}}