{"classifier": {"errors": 56}, "model": {"time": 2.6968548458692574}, "results": {"f1-score": 0.7147993368906975}}