{"classifier": {"errors": 696}, "model": {"time": 266.4545330889399}, "results": {"f1-score": 0.9999999999999999}}