{"classifier": {"errors": 110}, "model": {"time": 3.588417409045665}, "results": {"f1-score": 0.8863286970416855}}