{"classifier": {"errors": 677}, "model": {"time": 231.40322275688035}, "results": {"f1-score": 0.9999999999999973}}