{"classifier": {"errors": 131}, "model": {"time": 4.8617509359994795}, "results": {"f1-score": 0.9279046584767161}}