{"classifier": {"errors": 153}, "model": {"time": 5.372778113253814}, "results": {"f1-score": 0.94201345861323}}