{"classifier": {"errors": 204}, "model": {"time": 6.6184620697642975}, "results": {"f1-score": 0.9832401347518999}}