{"classifier": {"errors": 127}, "model": {"time": 4.226152525617147}, "results": {"f1-score": 0.8873260415809179}}