{"classifier": {"errors": 496}, "model": {"time": 62.11318033717264}, "results": {"f1-score": 0.9999999989754649}}