{"classifier": {"errors": 547}, "model": {"time": 96.67302097442942}, "results": {"f1-score": 0.9999999999102345}}