{"classifier": {"errors": 542}, "model": {"time": 76.42482611003688}, "results": {"f1-score": 0.9999999998885919}}