{"classifier": {"errors": 34}, "model": {"time": 2.0492299039157187}, "results": {"f1-score": 0.6664960222384586}}