{"classifier": {"errors": 351}, "model": {"time": 23.99155291698927}, "results": {"f1-score": 0.9999944057268582}}