{"classifier": {"errors": 568}, "model": {"time": 113.09870979651431}, "results": {"f1-score": 0.9999999999970315}}