{"classifier": {"errors": 290}, "model": {"time": 14.634550911743572}, "results": {"f1-score": 0.9998409859444545}}