{"classifier": {"errors": 639}, "model": {"time": 188.78596148824556}, "results": {"f1-score": 0.999999999999988}}