{"classifier": {"errors": 597}, "model": {"time": 142.60724953358772}, "results": {"f1-score": 0.9999999999987828}}