{"classifier": {"errors": 547}, "model": {"time": 96.29957571983671}, "results": {"f1-score": 0.9999999999080595}}