{"classifier": {"errors": 163}, "model": {"time": 6.129541000101126}, "results": {"f1-score": 0.9618855668087389}}