{"classifier": {"errors": 237}, "model": {"time": 11.685591656290196}, "results": {"f1-score": 0.9980780113239205}}