{"classifier": {"errors": 676}, "model": {"time": 230.83350647890052}, "results": {"f1-score": 0.9999999999999972}}