{"classifier": {"errors": 561}, "model": {"time": 98.74842836100356}, "results": {"f1-score": 0.9999999999944117}}