{"classifier": {"errors": 567}, "model": {"time": 101.5662288114693}, "results": {"f1-score": 0.9999999999918062}}