{"classifier": {"errors": 600}, "model": {"time": 145.12128332078575}, "results": {"f1-score": 0.9999999999991016}}