{"classifier": {"errors": 541}, "model": {"time": 104.48271526560957}, "results": {"f1-score": 0.9999999999551648}}