{"classifier": {"errors": 548}, "model": {"time": 95.49569483138372}, "results": {"f1-score": 0.9999999999456125}}