{"classifier": {"errors": 608}, "model": {"time": 148.4084153954487}, "results": {"f1-score": 0.9999999999983882}}