{"classifier": {"errors": 281}, "model": {"time": 13.972339500872874}, "results": {"f1-score": 0.9997023564286718}}