{"classifier": {"errors": 561}, "model": {"time": 99.3737291728904}, "results": {"f1-score": 0.9999999999946376}}