{"classifier": {"errors": 172}, "model": {"time": 6.006888584430437}, "results": {"f1-score": 0.9584536706299789}}