{"classifier": {"errors": 198}, "model": {"time": 6.678798069719288}, "results": {"f1-score": 0.9794494405379052}}