{"classifier": {"errors": 558}, "model": {"time": 103.53115140205134}, "results": {"f1-score": 0.9999999999961896}}