{"classifier": {"errors": 341}, "model": {"time": 21.109588136371027}, "results": {"f1-score": 0.9999750367417266}}