{"classifier": {"errors": 188}, "model": {"time": 6.091934872081066}, "results": {"f1-score": 0.9670527488607124}}