{"classifier": {"errors": 176}, "model": {"time": 5.71323422040341}, "results": {"f1-score": 0.963652221591426}}