{"classifier": {"errors": 196}, "model": {"time": 7.391207889472667}, "results": {"f1-score": 0.9862728077782154}}