{"classifier": {"errors": 103}, "model": {"time": 3.4795988718817923}, "results": {"f1-score": 0.8664869312700814}}