{"classifier": {"errors": 478}, "model": {"time": 51.70828168897901}, "results": {"f1-score": 0.9999999962786255}}