{"classifier": {"errors": 167}, "model": {"time": 6.37220380151067}, "results": {"f1-score": 0.9585991198435371}}