{"classifier": {"errors": 368}, "model": {"time": 24.90222257232359}, "results": {"f1-score": 0.9999975168377486}}