{"classifier": {"errors": 495}, "model": {"time": 64.00051003200251}, "results": {"f1-score": 0.9999999981535137}}