{"classifier": {"errors": 686}, "model": {"time": 281.96266105987866}, "results": {"f1-score": 0.9999999999999996}}