{"classifier": {"errors": 336}, "model": {"time": 21.052060643794473}, "results": {"f1-score": 0.9999606665135853}}