{"classifier": {"errors": 620}, "model": {"time": 147.7690236903384}, "results": {"f1-score": 0.9999999999998831}}