{"classifier": {"errors": 478}, "model": {"time": 55.31748206099147}, "results": {"f1-score": 0.9999999928198771}}