{"classifier": {"errors": 351}, "model": {"time": 23.7473213309853}, "results": {"f1-score": 0.9999941527169844}}