{"classifier": {"errors": 489}, "model": {"time": 64.86554968100629}, "results": {"f1-score": 0.9999999985265328}}