{"classifier": {"errors": 208}, "model": {"time": 7.640571235896006}, "results": {"f1-score": 0.991936046657419}}