{"classifier": {"errors": 351}, "model": {"time": 23.787541149591526}, "results": {"f1-score": 0.9999941949346653}}