{"classifier": {"errors": 434}, "model": {"time": 44.72334541954604}, "results": {"f1-score": 0.9999998615515522}}