{"classifier": {"errors": 542}, "model": {"time": 109.43817040185816}, "results": {"f1-score": 0.9999999999640461}}