{"classifier": {"errors": 560}, "model": {"time": 107.05973954523195}, "results": {"f1-score": 0.9999999999878545}}