{"classifier": {"errors": 86}, "model": {"time": 3.395568374564056}, "results": {"f1-score": 0.8189314229662679}}