{"classifier": {"errors": 241}, "model": {"time": 9.939383994905699}, "results": {"f1-score": 0.996801432434758}}