{"classifier": {"errors": 442}, "model": {"time": 47.39521528751072}, "results": {"f1-score": 0.9999999170090067}}