{"classifier": {"errors": 43}, "model": {"time": 2.1193154996018513}, "results": {"f1-score": 0.6701429234618449}}