{"classifier": {"errors": 300}, "model": {"time": 15.77140993521158}, "results": {"f1-score": 0.999916425774482}}