{"classifier": {"errors": 181}, "model": {"time": 7.081077736970304}, "results": {"f1-score": 0.9747122434294809}}