{"classifier": {"errors": 197}, "model": {"time": 6.803215568697059}, "results": {"f1-score": 0.9845763849903837}}