{"classifier": {"errors": 518}, "model": {"time": 73.4356603993323}, "results": {"f1-score": 0.9999999997082429}}