{"classifier": {"errors": 250}, "model": {"time": 10.930577220964038}, "results": {"f1-score": 0.9989906018487096}}