{"classifier": {"errors": 331}, "model": {"time": 19.95605324306076}, "results": {"f1-score": 0.9999380890147691}}