{"classifier": {"errors": 289}, "model": {"time": 14.047401716314733}, "results": {"f1-score": 0.9998819297577453}}