{"classifier": {"errors": 656}, "model": {"time": 211.7228323615129}, "results": {"f1-score": 0.9999999999999971}}