{"classifier": {"errors": 398}, "model": {"time": 30.581880458724555}, "results": {"f1-score": 0.9999995057060487}}