{"classifier": {"errors": 527}, "model": {"time": 72.95935022553297}, "results": {"f1-score": 0.9999999998560527}}