{"classifier": {"errors": 119}, "model": {"time": 3.918255670822113}, "results": {"f1-score": 0.8922952267700104}}