{"classifier": {"errors": 464}, "model": {"time": 56.76267556701039}, "results": {"f1-score": 0.9999999894735604}}