{"classifier": {"errors": 248}, "model": {"time": 11.803254365397311}, "results": {"f1-score": 0.999105050227605}}