{"classifier": {"errors": 85}, "model": {"time": 3.049368404052475}, "results": {"f1-score": 0.8056862224035675}}