{"classifier": {"errors": 646}, "model": {"time": 197.3860436730401}, "results": {"f1-score": 0.9999999999999913}}