{"classifier": {"errors": 352}, "model": {"time": 24.087940055908863}, "results": {"f1-score": 0.9999948001881102}}