{"classifier": {"errors": 251}, "model": {"time": 11.143425419731688}, "results": {"f1-score": 0.998349502770067}}