{"classifier": {"errors": 646}, "model": {"time": 194.63378826146933}, "results": {"f1-score": 0.9999999999999959}}