{"classifier": {"errors": 448}, "model": {"time": 47.58896636603285}, "results": {"f1-score": 0.9999999698782919}}