{"classifier": {"errors": 55}, "model": {"time": 2.4781868375926437}, "results": {"f1-score": 0.7083389219064071}}