{"classifier": {"errors": 281}, "model": {"time": 12.775194679576229}, "results": {"f1-score": 0.9996591562541727}}