{"classifier": {"errors": 697}, "model": {"time": 266.87999534235655}, "results": {"f1-score": 0.9999999999999999}}