{"classifier": {"errors": 555}, "model": {"time": 107.28954958277255}, "results": {"f1-score": 0.9999999999735513}}