{"classifier": {"errors": 546}, "model": {"time": 90.34017194754333}, "results": {"f1-score": 0.9999999998910374}}