{"classifier": {"errors": 383}, "model": {"time": 29.43923460422733}, "results": {"f1-score": 0.9999986292719354}}