{"classifier": {"errors": 512}, "model": {"time": 69.52379586125767}, "results": {"f1-score": 0.9999999994490871}}