{"classifier": {"errors": 469}, "model": {"time": 50.227993642679365}, "results": {"f1-score": 0.9999999838963157}}