{"classifier": {"errors": 605}, "model": {"time": 149.91023496444893}, "results": {"f1-score": 0.9999999999985395}}