{"classifier": {"errors": 368}, "model": {"time": 24.931120909470962}, "results": {"f1-score": 0.9999976489238919}}