{"classifier": {"errors": 425}, "model": {"time": 40.74636857560223}, "results": {"f1-score": 0.9999997490757381}}