{"classifier": {"errors": 469}, "model": {"time": 50.88280814295548}, "results": {"f1-score": 0.9999999849746777}}