{"classifier": {"errors": 321}, "model": {"time": 18.933465981773956}, "results": {"f1-score": 0.9999236292087131}}