{"classifier": {"errors": 468}, "model": {"time": 46.93502556404226}, "results": {"f1-score": 0.9999999821765666}}