{"classifier": {"errors": 356}, "model": {"time": 20.352184501648107}, "results": {"f1-score": 0.9999872473904989}}