{"classifier": {"errors": 355}, "model": {"time": 20.259514933629355}, "results": {"f1-score": 0.9999861574218702}}