{"classifier": {"errors": 629}, "model": {"time": 181.23226740683447}, "results": {"f1-score": 0.9999999999999613}}