{"classifier": {"errors": 615}, "model": {"time": 173.05983386185923}, "results": {"f1-score": 0.9999999999999368}}