{"classifier": {"errors": 640}, "model": {"time": 191.03826807833806}, "results": {"f1-score": 0.9999999999999944}}