{"classifier": {"errors": 606}, "model": {"time": 151.10008813082325}, "results": {"f1-score": 0.9999999999987379}}