{"classifier": {"errors": 414}, "model": {"time": 37.16603605489451}, "results": {"f1-score": 0.9999997058861434}}