{"classifier": {"errors": 291}, "model": {"time": 14.190307507418177}, "results": {"f1-score": 0.9999003603134822}}