{"classifier": {"errors": 452}, "model": {"time": 50.42811366221528}, "results": {"f1-score": 0.9999999336799766}}