{"classifier": {"errors": 215}, "model": {"time": 7.934272236138318}, "results": {"f1-score": 0.9920868115867497}}