{"classifier": {"errors": 268}, "model": {"time": 12.213712726912256}, "results": {"f1-score": 0.999620958116985}}