{"classifier": {"errors": 406}, "model": {"time": 35.300506635444364}, "results": {"f1-score": 0.999999587372751}}