{"classifier": {"errors": 561}, "model": {"time": 99.17957746756898}, "results": {"f1-score": 0.9999999999945683}}