{"classifier": {"errors": 686}, "model": {"time": 270.6135146843774}, "results": {"f1-score": 0.999999999999999}}