{"classifier": {"errors": 217}, "model": {"time": 8.304418541862137}, "results": {"f1-score": 0.9898658772471561}}