{"classifier": {"errors": 295}, "model": {"time": 14.120299889253277}, "results": {"f1-score": 0.999917283892848}}