{"classifier": {"errors": 154}, "model": {"time": 5.87480325758058}, "results": {"f1-score": 0.9538331439996521}}