{"classifier": {"errors": 60}, "model": {"time": 2.922754466665977}, "results": {"f1-score": 0.7439475376316163}}