{"classifier": {"errors": 374}, "model": {"time": 29.43400131765862}, "results": {"f1-score": 0.9999984759555004}}