{"classifier": {"errors": 159}, "model": {"time": 6.3198209545878905}, "results": {"f1-score": 0.9593663606487746}}