{"classifier": {"errors": 649}, "model": {"time": 188.84294045855924}, "results": {"f1-score": 0.9999999999999936}}