{"classifier": {"errors": 188}, "model": {"time": 6.678271634336986}, "results": {"f1-score": 0.9710022530436628}}