{"classifier": {"errors": 184}, "model": {"time": 7.027099323523499}, "results": {"f1-score": 0.9775485755687612}}