{"classifier": {"errors": 133}, "model": {"time": 4.273779906725057}, "results": {"f1-score": 0.8824678642144145}}