{"classifier": {"errors": 342}, "model": {"time": 19.57590708117718}, "results": {"f1-score": 0.999984112900257}}