{"classifier": {"errors": 547}, "model": {"time": 95.4598028440689}, "results": {"f1-score": 0.9999999999030134}}