{"classifier": {"errors": 78}, "model": {"time": 3.169807329297982}, "results": {"f1-score": 0.8174772517885739}}