{"classifier": {"errors": 137}, "model": {"time": 4.161733706563524}, "results": {"f1-score": 0.888530074482986}}