{"classifier": {"errors": 342}, "model": {"time": 19.451762612352542}, "results": {"f1-score": 0.9999836971019964}}