{"classifier": {"errors": 132}, "model": {"time": 4.4544134486318825}, "results": {"f1-score": 0.9199573838299815}}