{"classifier": {"errors": 547}, "model": {"time": 91.83047623113303}, "results": {"f1-score": 0.9999999999044753}}