{"classifier": {"errors": 683}, "model": {"time": 246.1223223018336}, "results": {"f1-score": 0.9999999999999978}}