{"classifier": {"errors": 375}, "model": {"time": 23.80455932965148}, "results": {"f1-score": 0.9999983037037752}}