{"classifier": {"errors": 477}, "model": {"time": 55.16181277450336}, "results": {"f1-score": 0.9999999923724632}}