{"classifier": {"errors": 484}, "model": {"time": 52.50060077102798}, "results": {"f1-score": 0.9999999949394541}}