{"classifier": {"errors": 622}, "model": {"time": 157.8936998526723}, "results": {"f1-score": 0.9999999999999181}}