{"classifier": {"errors": 355}, "model": {"time": 24.694015368795426}, "results": {"f1-score": 0.9999959378103691}}