{"classifier": {"errors": 497}, "model": {"time": 63.96662884204023}, "results": {"f1-score": 0.9999999979573336}}