{"classifier": {"errors": 249}, "model": {"time": 10.8714418745043}, "results": {"f1-score": 0.9986573389533253}}