{"classifier": {"errors": 475}, "model": {"time": 54.42832173517456}, "results": {"f1-score": 0.9999999970398517}}