{"classifier": {"errors": 32}, "model": {"time": 2.082463373974653}, "results": {"f1-score": 0.6729213932084201}}