{"classifier": {"errors": 260}, "model": {"time": 12.899814870059998}, "results": {"f1-score": 0.9992431655929113}}