{"classifier": {"errors": 357}, "model": {"time": 22.178646514209287}, "results": {"f1-score": 0.9999888356302625}}