{"classifier": {"errors": 495}, "model": {"time": 64.28355240701048}, "results": {"f1-score": 0.9999999981988623}}