{"classifier": {"errors": 684}, "model": {"time": 246.96036344718652}, "results": {"f1-score": 0.9999999999999978}}