{"classifier": {"errors": 274}, "model": {"time": 15.062395463134143}, "results": {"f1-score": 0.9997532110560701}}