{"classifier": {"errors": 683}, "model": {"time": 246.3278434687584}, "results": {"f1-score": 0.9999999999999978}}