{"classifier": {"errors": 68}, "model": {"time": 2.9741448775272157}, "results": {"f1-score": 0.7794134523424823}}