{"classifier": {"errors": 85}, "model": {"time": 3.018766139617843}, "results": {"f1-score": 0.8030526305645228}}