{"classifier": {"errors": 335}, "model": {"time": 20.03834143431701}, "results": {"f1-score": 0.9999803513891538}}