{"classifier": {"errors": 99}, "model": {"time": 3.221834823828228}, "results": {"f1-score": 0.8267154190248472}}