{"classifier": {"errors": 229}, "model": {"time": 9.48295234193482}, "results": {"f1-score": 0.9965303296217649}}