{"classifier": {"errors": 677}, "model": {"time": 280.6973960277344}, "results": {"f1-score": 0.9999999999999998}}