{"classifier": {"errors": 616}, "model": {"time": 183.07709911527022}, "results": {"f1-score": 0.9999999999999493}}