{"classifier": {"errors": 665}, "model": {"time": 212.31920950681726}, "results": {"f1-score": 0.9999999999999963}}