{"classifier": {"errors": 455}, "model": {"time": 45.85130072525842}, "results": {"f1-score": 0.9999999776658555}}