{"classifier": {"errors": 77}, "model": {"time": 2.9273274657311688}, "results": {"f1-score": 0.8009798238100335}}