{"classifier": {"errors": 636}, "model": {"time": 172.15234894981148}, "results": {"f1-score": 0.9999999999999734}}