{"classifier": {"errors": 277}, "model": {"time": 15.271616506527128}, "results": {"f1-score": 0.9998026035412573}}