{"classifier": {"errors": 296}, "model": {"time": 13.970245581745315}, "results": {"f1-score": 0.9998660935101139}}