{"classifier": {"errors": 55}, "model": {"time": 2.494189737899081}, "results": {"f1-score": 0.7104014024123221}}