{"classifier": {"errors": 241}, "model": {"time": 10.892546835338939}, "results": {"f1-score": 0.9972330838880041}}