{"classifier": {"errors": 310}, "model": {"time": 17.282432655571885}, "results": {"f1-score": 0.9999109673532919}}