{"classifier": {"errors": 270}, "model": {"time": 13.458601771433429}, "results": {"f1-score": 0.9993830039536443}}