{"classifier": {"errors": 498}, "model": {"time": 63.555735922555115}, "results": {"f1-score": 0.9999999975864229}}