{"classifier": {"errors": 266}, "model": {"time": 13.149042984772304}, "results": {"f1-score": 0.9994962174503551}}