{"classifier": {"errors": 457}, "model": {"time": 50.204226004608145}, "results": {"f1-score": 0.9999999433084408}}