{"classifier": {"errors": 369}, "model": {"time": 27.59966333536161}, "results": {"f1-score": 0.9999986857251055}}