{"classifier": {"errors": 85}, "model": {"time": 3.008560445867185}, "results": {"f1-score": 0.8021757504938087}}