{"classifier": {"errors": 510}, "model": {"time": 63.33469340022565}, "results": {"f1-score": 0.9999999993043485}}