{"classifier": {"errors": 454}, "model": {"time": 50.01723590584148}, "results": {"f1-score": 0.999999957989554}}