{"classifier": {"errors": 199}, "model": {"time": 6.906304597208536}, "results": {"f1-score": 0.9823174916894555}}