{"classifier": {"errors": 367}, "model": {"time": 25.167374000310947}, "results": {"f1-score": 0.9999988058363449}}