{"classifier": {"errors": 218}, "model": {"time": 8.685944685001807}, "results": {"f1-score": 0.9936195850602602}}