{"classifier": {"errors": 546}, "model": {"time": 91.48832364324375}, "results": {"f1-score": 0.9999999998991291}}