{"classifier": {"errors": 139}, "model": {"time": 4.259615911713463}, "results": {"f1-score": 0.9124408082410707}}