{"classifier": {"errors": 683}, "model": {"time": 268.33340096174373}, "results": {"f1-score": 0.9999999999999999}}