{"classifier": {"errors": 544}, "model": {"time": 83.88354382181126}, "results": {"f1-score": 0.9999999998615314}}