{"classifier": {"errors": 607}, "model": {"time": 138.34872727434546}, "results": {"f1-score": 0.9999999999995992}}