{"classifier": {"errors": 369}, "model": {"time": 23.68255333719973}, "results": {"f1-score": 0.9999986127438835}}