{"classifier": {"errors": 167}, "model": {"time": 5.719900401284686}, "results": {"f1-score": 0.9610088252040734}}