{"classifier": {"errors": 402}, "model": {"time": 35.595636330017776}, "results": {"f1-score": 0.9999995960497903}}