{"classifier": {"errors": 293}, "model": {"time": 15.134924045053863}, "results": {"f1-score": 0.9999265254739729}}