{"classifier": {"errors": 368}, "model": {"time": 23.814608718377965}, "results": {"f1-score": 0.9999969324548599}}