{"classifier": {"errors": 683}, "model": {"time": 248.12764896012942}, "results": {"f1-score": 0.9999999999999979}}