{"classifier": {"errors": 219}, "model": {"time": 9.318094381467839}, "results": {"f1-score": 0.9954100190140245}}