{"classifier": {"errors": 615}, "model": {"time": 172.60382957291685}, "results": {"f1-score": 0.9999999999999356}}