{"classifier": {"errors": 256}, "model": {"time": 10.693712482756707}, "results": {"f1-score": 0.9985236234922938}}