{"classifier": {"errors": 486}, "model": {"time": 59.61444283864854}, "results": {"f1-score": 0.9999999975198873}}