{"classifier": {"errors": 536}, "model": {"time": 72.10895604892586}, "results": {"f1-score": 0.9999999998962126}}