{"classifier": {"errors": 82}, "model": {"time": 3.4556635466586663}, "results": {"f1-score": 0.8082586621722223}}