{"classifier": {"errors": 587}, "model": {"time": 129.97041591069882}, "results": {"f1-score": 0.9999999999986608}}