{"classifier": {"errors": 260}, "model": {"time": 12.473793521384069}, "results": {"f1-score": 0.9995725833167473}}