{"classifier": {"errors": 220}, "model": {"time": 9.592457548213451}, "results": {"f1-score": 0.9962155252685716}}