{"classifier": {"errors": 100}, "model": {"time": 3.533691505828921}, "results": {"f1-score": 0.8408031520699727}}