{"classifier": {"errors": 292}, "model": {"time": 14.302303954360902}, "results": {"f1-score": 0.9999117759313392}}