{"classifier": {"errors": 607}, "model": {"time": 147.5581414218151}, "results": {"f1-score": 0.9999999999998198}}