{"classifier": {"errors": 327}, "model": {"time": 19.68074654140824}, "results": {"f1-score": 0.9999515191877546}}