{"classifier": {"errors": 143}, "model": {"time": 5.262871864085635}, "results": {"f1-score": 0.9357453040314491}}