{"classifier": {"errors": 369}, "model": {"time": 25.02941595064977}, "results": {"f1-score": 0.9999977945753797}}