{"classifier": {"errors": 26}, "model": {"time": 2.0398479880603437}, "results": {"f1-score": 0.6556240355722281}}