{"classifier": {"errors": 469}, "model": {"time": 50.78563515299023}, "results": {"f1-score": 0.999999984818294}}