{"estimate": {"benchmark": 5.149880191241904}, "product": {"meanscore": 0.9999998665759163, "non_null": 2.4978739521230864e-08}}