{"estimate": {"benchmark": 1.7734891755631108}, "product": {"meanscore": 0.8945196068344988, "non_null": 0.05893804165232441}}