{"estimate": {"benchmark": 6.996040369764758}, "product": {"meanscore": 0.9999999999995536, "non_null": 1.5987211554602254e-14}}