{"estimate": {"benchmark": 4.899851004098687}, "product": {"meanscore": 0.9999997450141415, "non_null": 8.685188457313586e-08}}