{"estimate": {"benchmark": 5.7102617350807146}, "product": {"meanscore": 0.9999999961050271, "non_null": 3.065510068012145e-10}}