{"estimate": {"benchmark": 6.503415807527287}, "product": {"meanscore": 0.999999999980829, "non_null": 1.357691736814104e-12}}