{"estimate": {"benchmark": 6.861269118788542}, "product": {"meanscore": 0.9999999999990807, "non_null": 9.547918011776346e-14}}