{"estimate": {"benchmark": 4.793122248652343}, "product": {"meanscore": 0.9999995827178595, "non_null": 1.5200183267616296e-07}}