{"estimate": {"benchmark": 3.7105205541422888}, "product": {"meanscore": 0.9999211910228816, "non_null": 3.949664370450634e-05}}