{"estimate": {"benchmark": 3.64486484807658}, "product": {"meanscore": 0.9998010730978953, "non_null": 7.864620089836905e-05}}