{"estimate": {"benchmark": 7.340086297978143}, "product": {"meanscore": 0.9999999999999695, "non_null": 1.5543122344752192e-15}}