{"estimate": {"benchmark": 7.228550132444665}, "product": {"meanscore": 0.9999999999998714, "non_null": 7.327471962526033e-15}}