{"estimate": {"benchmark": 1.1029955997686038}, "product": {"meanscore": 0.8082438362153946, "non_null": 0.12863575510450442}}