{"estimate": {"benchmark": 6.730168737869204}, "product": {"meanscore": 0.9999999999932226, "non_null": 4.028999356364693e-13}}