{"estimate": {"benchmark": 7.618122590776047}, "product": {"meanscore": 0.9999999999999933, "non_null": 4.440892098500626e-16}}