{"estimate": {"benchmark": 4.867536539300408}, "product": {"meanscore": 0.999998886836517, "non_null": 2.1104868153098977e-07}}