{"estimate": {"benchmark": 3.6676799590178697}, "product": {"meanscore": 0.9999347205633062, "non_null": 3.1267160443992914e-05}}