{"estimate": {"benchmark": 1.93920872679468}, "product": {"meanscore": 0.9381512368511521, "non_null": 0.03291904901848541}}