{"estimate": {"benchmark": 3.6278139471899116}, "product": {"meanscore": 0.9996940195278815, "non_null": 0.00011510520978585959}}