{"estimate": {"benchmark": 3.977924851040235}, "product": {"meanscore": 0.9999843578394152, "non_null": 5.5707651902547894e-06}}