{"estimate": {"benchmark": 1.9130965851228534}, "product": {"meanscore": 0.9441998687347848, "non_null": 0.03062907925624203}}