{"estimate": {"benchmark": 6.314382743330327}, "product": {"meanscore": 0.9999999998960156, "non_null": 8.05377986523581e-12}}