{"estimate": {"benchmark": 6.583101848078071}, "product": {"meanscore": 0.9999999999959741, "non_null": 6.331601909437268e-13}}