{"estimate": {"benchmark": 0.578047748034331}, "product": {"meanscore": 0.7265919999253337, "non_null": 0.24949445026253225}}