{"estimate": {"benchmark": 6.996015058500759}, "product": {"meanscore": 0.9999999999995535, "non_null": 1.5987211554602254e-14}}