{"estimate": {"benchmark": 3.513503401929562}, "product": {"meanscore": 0.999770280527035, "non_null": 0.00011757517141541829}}