{"estimate": {"benchmark": 5.535611088933248}, "product": {"meanscore": 0.9999999873739757, "non_null": 3.3989594472316753e-09}}