{"estimate": {"benchmark": 1.137729717529822}, "product": {"meanscore": 0.7876295708832157, "non_null": 0.14358794936435193}}