{"estimate": {"benchmark": 5.655697935651553}, "product": {"meanscore": 0.9999999978140386, "non_null": 6.390188378446737e-10}}