{"estimate": {"benchmark": 1.1306372020362545}, "product": {"meanscore": 0.7940152523973395, "non_null": 0.13543569871649253}}