{"estimate": {"benchmark": 6.421958359620611}, "product": {"meanscore": 0.9999999999175448, "non_null": 3.774425216818145e-12}}