{"estimate": {"benchmark": 6.737981925603181}, "product": {"meanscore": 0.9999999999938561, "non_null": 4.020117572167692e-13}}