{"estimate": {"benchmark": 5.439911448268106}, "product": {"meanscore": 0.9999999934145378, "non_null": 1.7652149741920198e-09}}