{"estimate": {"benchmark": 5.618439585793666}, "product": {"meanscore": 0.9999999974707703, "non_null": 3.518113578238058e-10}}