{"estimate": {"benchmark": 6.0285782874929446}, "product": {"meanscore": 0.9999999997925176, "non_null": 4.6295745015356715e-11}}