{"estimate": {"benchmark": 3.027551203351328}, "product": {"meanscore": 0.9969680199998034, "non_null": 0.0012041117671474089}}