{"estimate": {"benchmark": 3.945515407010312}, "product": {"meanscore": 0.9999761314672602, "non_null": 1.3907405126301065e-05}}