{"estimate": {"benchmark": 3.0676316394702368}, "product": {"meanscore": 0.9992536356085624, "non_null": 0.0005465842114913411}}