{"estimate": {"benchmark": 6.645627158443376}, "product": {"meanscore": 0.9999999999916191, "non_null": 5.078160114635466e-13}}