{"estimate": {"benchmark": 2.614888895553282}, "product": {"meanscore": 0.9955951159366689, "non_null": 0.0031423373736441107}}