{"estimate": {"benchmark": 4.593600546631749}, "product": {"meanscore": 0.9999985609108378, "non_null": 7.456516013526482e-07}}