{"estimate": {"benchmark": 6.737938341787347}, "product": {"meanscore": 0.9999999999938549, "non_null": 4.0190073491430667e-13}}