{"estimate": {"benchmark": 7.572943529002854}, "product": {"meanscore": 0.9999999999999992, "non_null": 0.0}}