{"estimate": {"benchmark": 7.59158681619069}, "product": {"meanscore": 0.9999999999999996, "non_null": 0.0}}