{"estimate": {"benchmark": 7.6299587662431305}, "product": {"meanscore": 0.9999999999999949, "non_null": 3.3306690738754696e-16}}