{"estimate": {"benchmark": 3.0871447794293645}, "product": {"meanscore": 0.9972787436833724, "non_null": 0.0010193773568873965}}