{"estimate": {"benchmark": 4.357407955783872}, "product": {"meanscore": 0.999993114970084, "non_null": 3.4959264643141807e-06}}