{"estimate": {"benchmark": 1.9148660165300477}, "product": {"meanscore": 0.9443321039854353, "non_null": 0.030673385204344372}}