{"estimate": {"benchmark": 4.599952339088166}, "product": {"meanscore": 0.9999943100334595, "non_null": 8.835781947214016e-07}}