{"estimate": {"benchmark": 5.320386447643693}, "product": {"meanscore": 0.9999999653099851, "non_null": 6.478935610232384e-09}}