{"estimate": {"benchmark": 5.84010370718806}, "product": {"meanscore": 0.9999999963728303, "non_null": 2.9622559960529316e-10}}