{"estimate": {"benchmark": 6.55946112364674}, "product": {"meanscore": 0.9999999999935295, "non_null": 8.47877323906232e-13}}