{"estimate": {"benchmark": 2.6448222305106146}, "product": {"meanscore": 0.994770346715297, "non_null": 0.0034062468679019187}}