{"estimate": {"benchmark": 7.979304142745442}, "product": {"meanscore": 0.9999999999999999, "non_null": 0.0}}