{"estimate": {"benchmark": 1.5704453378231296}, "product": {"meanscore": 0.9059874353898651, "non_null": 0.06437804154293525}}