{"estimate": {"benchmark": 5.2789152846934515}, "product": {"meanscore": 0.9999999474420765, "non_null": 1.2867483856204842e-08}}