{"estimate": {"benchmark": 7.385748790596372}, "product": {"meanscore": 0.9999999999999818, "non_null": 1.1102230246251565e-15}}