{"estimate": {"benchmark": 5.411897150321975}, "product": {"meanscore": 0.9999999767752695, "non_null": 5.362505994810363e-09}}