{"estimate": {"benchmark": 6.965831571637711}, "product": {"meanscore": 0.9999999999979001, "non_null": 8.548717289613705e-14}}