{"estimate": {"benchmark": 2.6134851030037005}, "product": {"meanscore": 0.9955828135847573, "non_null": 0.0031375446793322492}}