{"estimate": {"benchmark": 3.259970883909023}, "product": {"meanscore": 0.9996221881191218, "non_null": 0.00020998478892242378}}