{"estimate": {"benchmark": 6.094578472918422}, "product": {"meanscore": 0.9999999994994753, "non_null": 6.551048592484676e-11}}