{"estimate": {"benchmark": 4.821363083090406}, "product": {"meanscore": 0.9999997253024915, "non_null": 1.0290382435051981e-07}}