{"estimate": {"benchmark": 7.61825921165327}, "product": {"meanscore": 0.999999999999998, "non_null": 1.1102230246251565e-16}}