{"estimate": {"benchmark": 6.55915018119353}, "product": {"meanscore": 0.9999999999935203, "non_null": 8.47211190091457e-13}}