{"estimate": {"benchmark": 1.9585114320924253}, "product": {"meanscore": 0.9291060093239728, "non_null": 0.035625764225266865}}