{"estimate": {"benchmark": 3.0863422518881785}, "product": {"meanscore": 0.997274361094111, "non_null": 0.001018373911878423}}