{"estimate": {"benchmark": 5.493528108217814}, "product": {"meanscore": 0.9999999840445979, "non_null": 4.3586290132680006e-09}}