{"estimate": {"benchmark": 6.560506591240797}, "product": {"meanscore": 0.9999999999935614, "non_null": 8.502087922579449e-13}}