{"estimate": {"benchmark": 7.228253008927673}, "product": {"meanscore": 0.9999999999998712, "non_null": 7.327471962526033e-15}}