{"estimate": {"benchmark": 7.356453931098116}, "product": {"meanscore": 0.999999999999922, "non_null": 6.217248937900877e-15}}