{"estimate": {"benchmark": 3.9548959312156535}, "product": {"meanscore": 0.9999777510385797, "non_null": 1.1190279989414798e-05}}