{"estimate": {"benchmark": 3.0738727251705926}, "product": {"meanscore": 0.9992127632282608, "non_null": 0.0005587043822309345}}