{"estimate": {"benchmark": 5.3238433813365695}, "product": {"meanscore": 0.9999999665162551, "non_null": 6.452745338059174e-09}}