{"estimate": {"benchmark": 2.809781441166486}, "product": {"meanscore": 0.9958586556072978, "non_null": 0.0017720595382662019}}