{"estimate": {"benchmark": 7.229920217257895}, "product": {"meanscore": 0.9999999999998723, "non_null": 7.327471962526033e-15}}