{"estimate": {"benchmark": 6.636707290950481}, "product": {"meanscore": 0.9999999999907527, "non_null": 5.100364575127969e-13}}