{"estimate": {"benchmark": 2.2030881033959466}, "product": {"meanscore": 0.9697716861110822, "non_null": 0.013895232226279641}}