{"estimate": {"benchmark": 7.559753443143931}, "product": {"meanscore": 0.999999999999992, "non_null": 6.661338147750939e-16}}