{"estimate": {"benchmark": 1.991895902539616}, "product": {"meanscore": 0.9498929831300521, "non_null": 0.025699819040056915}}