{"estimate": {"benchmark": 6.5591457813370235}, "product": {"meanscore": 0.9999999999935202, "non_null": 8.47211190091457e-13}}