{"estimate": {"benchmark": 2.116033518251304}, "product": {"meanscore": 0.967287773287791, "non_null": 0.01556328638774307}}