{"estimate": {"benchmark": 3.947312790915441}, "product": {"meanscore": 0.9999762545078382, "non_null": 1.3947131850322592e-05}}