{"estimate": {"benchmark": 4.468677135653717}, "product": {"meanscore": 0.9999952157278227, "non_null": 1.0615609189468245e-06}}