{"estimate": {"benchmark": 3.0999562276478363}, "product": {"meanscore": 0.9990020131627524, "non_null": 0.0006455136210902213}}