{"estimate": {"benchmark": 6.641645239474705}, "product": {"meanscore": 0.9999999999912104, "non_null": 5.090372567906343e-13}}