{"estimate": {"benchmark": 3.9456940356489136}, "product": {"meanscore": 0.9999761433124943, "non_null": 1.3911412275691148e-05}}