{"estimate": {"benchmark": 0.6341470259757204}, "product": {"meanscore": 0.7254243773970811, "non_null": 0.24525671282610018}}