{"estimate": {"benchmark": 3.1739054299965463}, "product": {"meanscore": 0.9974377707613151, "non_null": 0.0008570155704457072}}