{"estimate": {"benchmark": 1.0920600283460726}, "product": {"meanscore": 0.82662159192181, "non_null": 0.1219687036543784}}