{"estimate": {"benchmark": 6.310421773730377}, "product": {"meanscore": 0.9999999999442968, "non_null": 1.3681611399363192e-11}}