{"estimate": {"benchmark": 1.930832908628465}, "product": {"meanscore": 0.9457771896161896, "non_null": 0.030223262307308096}}