{"estimate": {"benchmark": 7.01488080988436}, "product": {"meanscore": 0.9999999999991613, "non_null": 4.718447854656915e-14}}