{"estimate": {"benchmark": 5.6410850227211675}, "product": {"meanscore": 0.9999999884855986, "non_null": 1.6008193659544645e-09}}