{"estimate": {"benchmark": 3.9465548297819772}, "product": {"meanscore": 0.9999762015315832, "non_null": 1.3930547480889288e-05}}