{"estimate": {"benchmark": 3.876960708218212}, "product": {"meanscore": 0.9999702394306251, "non_null": 1.717083275476483e-05}}