{"estimate": {"benchmark": 7.582218750625276}, "product": {"meanscore": 0.9999999999999989, "non_null": 1.1102230246251565e-16}}