{"estimate": {"benchmark": 4.432373758359057}, "product": {"meanscore": 0.9999946082927353, "non_null": 1.3365184928781915e-06}}