{"estimate": {"benchmark": 0.6755256597641112}, "product": {"meanscore": 0.6448608243252748, "non_null": 0.2560087179880983}}