{"estimate": {"benchmark": 7.014068542907961}, "product": {"meanscore": 0.999999999998623, "non_null": 6.52811138479592e-14}}