{"estimate": {"benchmark": 2.299458442027825}, "product": {"meanscore": 0.9743558555544884, "non_null": 0.012156584352499111}}