{"estimate": {"benchmark": 1.779821102126486}, "product": {"meanscore": 0.9252107034916115, "non_null": 0.04744252786464487}}