{"estimate": {"benchmark": 3.257934478100062}, "product": {"meanscore": 0.9996203357989774, "non_null": 0.0002094005490550499}}