{"estimate": {"benchmark": 6.22381241298698}, "product": {"meanscore": 0.999999999928378, "non_null": 2.3264168369507843e-11}}