{"estimate": {"benchmark": 5.261327088788117}, "product": {"meanscore": 0.9999998940727713, "non_null": 1.809701477561987e-08}}