{"estimate": {"benchmark": 5.493232677049212}, "product": {"meanscore": 0.9999999840272811, "non_null": 4.355833582714297e-09}}