{"estimate": {"benchmark": 7.617679803721242}, "product": {"meanscore": 0.9999999999999932, "non_null": 4.440892098500626e-16}}