{"estimate": {"benchmark": 6.133648567293331}, "product": {"meanscore": 0.9999999999105471, "non_null": 2.876732185796982e-11}}