{"estimate": {"benchmark": 3.658048060952505}, "product": {"meanscore": 0.9997627525714641, "non_null": 9.482231047974743e-05}}