{"estimate": {"benchmark": 3.6443922519451117}, "product": {"meanscore": 0.9998008352524685, "non_null": 7.859234943063953e-05}}