{"estimate": {"benchmark": 3.2780745368923276}, "product": {"meanscore": 0.999541198471289, "non_null": 0.00023907242824050545}}