{"estimate": {"benchmark": 7.5897704270953925}, "product": {"meanscore": 0.9999999999999996, "non_null": 0.0}}