{"estimate": {"benchmark": 4.372599463390051}, "product": {"meanscore": 0.9999961140229342, "non_null": 2.355679935339694e-06}}