{"estimate": {"benchmark": 3.349052887193577}, "product": {"meanscore": 0.999672816516436, "non_null": 0.0001639518810512275}}