{"estimate": {"benchmark": 2.2863615423483394}, "product": {"meanscore": 0.9738204615449406, "non_null": 0.012253366986884284}}