{"estimate": {"benchmark": 3.765247492251806}, "product": {"meanscore": 0.9998685015899376, "non_null": 5.080558813408409e-05}}