{"estimate": {"benchmark": 5.32173594252855}, "product": {"meanscore": 0.999999965480011, "non_null": 6.49760645288211e-09}}