{"estimate": {"benchmark": 5.531367699663667}, "product": {"meanscore": 0.9999999885403826, "non_null": 2.5575244144704357e-09}}