{"estimate": {"benchmark": 6.730183335025334}, "product": {"meanscore": 0.9999999999932231, "non_null": 4.028999356364693e-13}}