{"estimate": {"benchmark": 2.003299867650021}, "product": {"meanscore": 0.966937128088366, "non_null": 0.023160119275969282}}