{"estimate": {"benchmark": 6.730886975449986}, "product": {"meanscore": 0.9999999999932454, "non_null": 4.036770917537069e-13}}