{"estimate": {"benchmark": 0.6487179290401778}, "product": {"meanscore": 0.6300726445144891, "non_null": 0.2689371449005973}}