{"estimate": {"benchmark": 4.821149995538648}, "product": {"meanscore": 0.999999405044371, "non_null": 1.9386493066431143e-07}}