{"estimate": {"benchmark": 7.38935722716826}, "product": {"meanscore": 0.9999999999999828, "non_null": 1.1102230246251565e-15}}