{"estimate": {"benchmark": 2.4912420064533074}, "product": {"meanscore": 0.9884663286245753, "non_null": 0.005768020273020036}}