{"estimate": {"benchmark": 0.8600008835368314}, "product": {"meanscore": 0.6885356278871705, "non_null": 0.21668551884197162}}