{"estimate": {"benchmark": 1.5044915035151645}, "product": {"meanscore": 0.901129494386406, "non_null": 0.06734328825389668}}