{"estimate": {"benchmark": 7.624311135276829}, "product": {"meanscore": 0.9999999999999944, "non_null": 3.3306690738754696e-16}}