{"estimate": {"benchmark": 2.0516922244560774}, "product": {"meanscore": 0.9560905770425094, "non_null": 0.024874250506780604}}