{"estimate": {"benchmark": 6.558959026379512}, "product": {"meanscore": 0.9999999999935147, "non_null": 8.467671008816069e-13}}