{"estimate": {"benchmark": 6.559237876101066}, "product": {"meanscore": 0.9999999999935228, "non_null": 8.473222123939195e-13}}