{"estimate": {"benchmark": 1.102687136120993}, "product": {"meanscore": 0.808189214638053, "non_null": 0.12861206893291555}}