{"estimate": {"benchmark": 3.0962494779779224}, "product": {"meanscore": 0.9987966029927188, "non_null": 0.0007601380845937422}}