{"estimate": {"benchmark": 5.531901014703307}, "product": {"meanscore": 0.9999999885631721, "non_null": 2.5605226827707384e-09}}