{"estimate": {"benchmark": 7.978462265138967}, "product": {"meanscore": 0.9999999999999999, "non_null": 0.0}}