{"estimate": {"benchmark": 1.0180425446616401}, "product": {"meanscore": 0.7722912552554635, "non_null": 0.16535021563550567}}