{"estimate": {"benchmark": 4.599746595592366}, "product": {"meanscore": 0.9999982953431685, "non_null": 6.113611026314913e-07}}