{"estimate": {"benchmark": 7.680206268963887}, "product": {"meanscore": 0.9999999999999982, "non_null": 2.220446049250313e-16}}