{"estimate": {"benchmark": 2.328571006421757}, "product": {"meanscore": 0.9838592057826154, "non_null": 0.0072977943963654646}}