{"estimate": {"benchmark": 7.156626241290203}, "product": {"meanscore": 0.9999999999997888, "non_null": 9.325873406851315e-15}}