{"estimate": {"benchmark": 2.328612090510928}, "product": {"meanscore": 0.9838602942979131, "non_null": 0.007298096352584382}}