{"estimate": {"benchmark": 5.493281991608521}, "product": {"meanscore": 0.9999999840301592, "non_null": 4.3563010976299665e-09}}