{"estimate": {"benchmark": 7.626600503598376}, "product": {"meanscore": 0.9999999999999947, "non_null": 3.3306690738754696e-16}}