{"estimate": {"benchmark": 4.205546338823322}, "product": {"meanscore": 0.9999818971245773, "non_null": 5.175770014465009e-06}}