{"estimate": {"benchmark": 6.923895117554248}, "product": {"meanscore": 0.9999999999990022, "non_null": 1.2045919817182948e-13}}