{"estimate": {"benchmark": 2.943248830889632}, "product": {"meanscore": 0.9968443443262796, "non_null": 0.0014022629908050366}}