{"estimate": {"benchmark": 0.9292784301133067}, "product": {"meanscore": 0.7526077292952777, "non_null": 0.17769874879161174}}