{"estimate": {"benchmark": 4.3573557097927464}, "product": {"meanscore": 0.999993113902291, "non_null": 3.4956132093366676e-06}}