{"estimate": {"benchmark": 6.868119559139003}, "product": {"meanscore": 0.9999999999947625, "non_null": 2.821076705572523e-13}}