{"estimate": {"benchmark": 0.8570917247949765}, "product": {"meanscore": 0.716183639192164, "non_null": 0.19950940599565836}}