{"estimate": {"benchmark": 6.422557975861749}, "product": {"meanscore": 0.9999999999177556, "non_null": 3.7801983765461955e-12}}