{"estimate": {"benchmark": 1.7280880012462807}, "product": {"meanscore": 0.9441552523206931, "non_null": 0.03779587189695399}}