{"estimate": {"benchmark": 1.131287237764317}, "product": {"meanscore": 0.7941362300731853, "non_null": 0.135487264041101}}