{"estimate": {"benchmark": 7.36847011968674}, "product": {"meanscore": 0.9999999999999505, "non_null": 3.3306690738754696e-15}}