{"estimate": {"benchmark": 5.028428223641099}, "product": {"meanscore": 0.9999999026137298, "non_null": 3.062925268970673e-08}}