{"estimate": {"benchmark": 6.995544475075136}, "product": {"meanscore": 0.9999999999995526, "non_null": 1.5987211554602254e-14}}