{"estimate": {"benchmark": 5.2780508173035665}, "product": {"meanscore": 0.9999999472755898, "non_null": 1.2844449170934524e-08}}