{"estimate": {"benchmark": 5.510882172099792}, "product": {"meanscore": 0.9999999902063359, "non_null": 1.7109362815403983e-09}}