{"estimate": {"benchmark": 1.252734548836859}, "product": {"meanscore": 0.8485152429895374, "non_null": 0.1007972495416839}}