{"estimate": {"benchmark": 5.051495373130771}, "product": {"meanscore": 0.9999998434106575, "non_null": 5.7453791058037496e-08}}