{"estimate": {"benchmark": 2.692083810719381}, "product": {"meanscore": 0.9903158614325069, "non_null": 0.003551699721197177}}