{"estimate": {"benchmark": 3.2595296155810765}, "product": {"meanscore": 0.9996217737921157, "non_null": 0.0002098601113662557}}