{"estimate": {"benchmark": 6.5596076759935515}, "product": {"meanscore": 0.9999999999935338, "non_null": 8.482103908136196e-13}}