{"estimate": {"benchmark": 2.586281370991971}, "product": {"meanscore": 0.9961786126433569, "non_null": 0.0028174294981195835}}