{"estimate": {"benchmark": 7.589686596702059}, "product": {"meanscore": 0.9999999999999996, "non_null": 0.0}}