{"estimate": {"benchmark": 4.268570487503124}, "product": {"meanscore": 0.9999920327625211, "non_null": 4.1087166118281004e-06}}