{"estimate": {"benchmark": 2.3011396739743786}, "product": {"meanscore": 0.9820766409187289, "non_null": 0.007989736899489674}}