{"estimate": {"benchmark": 7.066267728490113}, "product": {"meanscore": 0.999999999999661, "non_null": 1.199040866595169e-14}}