{"estimate": {"benchmark": 6.946752768414752}, "product": {"meanscore": 0.9999999999977511, "non_null": 1.7963408538435033e-13}}