{"estimate": {"benchmark": 4.4355431254400175}, "product": {"meanscore": 0.9999935507696526, "non_null": 2.884822798532305e-06}}