{"estimate": {"benchmark": 1.992466379100257}, "product": {"meanscore": 0.9725004314249599, "non_null": 0.017556546691406827}}