{"estimate": {"benchmark": 1.4843681759190728}, "product": {"meanscore": 0.8666825386288899, "non_null": 0.08115876157134239}}