{"estimate": {"benchmark": 4.999434925044658}, "product": {"meanscore": 0.9999998699498627, "non_null": 5.6129399128579394e-08}}