{"estimate": {"benchmark": 5.719378340428751}, "product": {"meanscore": 0.9999999967635911, "non_null": 9.318823490644945e-10}}