{"estimate": {"benchmark": 0.6741904775294637}, "product": {"meanscore": 0.6445304561483326, "non_null": 0.25585338458710494}}