{"estimate": {"benchmark": 0.6743761463441924}, "product": {"meanscore": 0.6445753232921214, "non_null": 0.25587522462794}}