{"estimate": {"benchmark": 5.320832223507205}, "product": {"meanscore": 0.9999999653652296, "non_null": 6.485149084412001e-09}}