{"estimate": {"benchmark": 3.078912265505913}, "product": {"meanscore": 0.9972093882677525, "non_null": 0.0010222326892608269}}