{"estimate": {"benchmark": 3.4392560813264486}, "product": {"meanscore": 0.9997109300051006, "non_null": 0.00014071819301364474}}