{"estimate": {"benchmark": 3.789046675436715}, "product": {"meanscore": 0.9999608021757326, "non_null": 2.0442418225408154e-05}}