{"estimate": {"benchmark": 1.2192199001610113}, "product": {"meanscore": 0.8343684044042612, "non_null": 0.10757463397116773}}