{"estimate": {"benchmark": 1.3945027873477556}, "product": {"meanscore": 0.8636206243588208, "non_null": 0.08873155402117083}}