{"estimate": {"benchmark": 6.06109685375257}, "product": {"meanscore": 0.9999999988690274, "non_null": 6.83658685218802e-11}}