{"estimate": {"benchmark": 0.6181925596706233}, "product": {"meanscore": 0.6906930026528411, "non_null": 0.2507933720667932}}