{"estimate": {"benchmark": 3.086985319979609}, "product": {"meanscore": 0.9972778621257323, "non_null": 0.0010191791014398932}}