{"estimate": {"benchmark": 3.3511095201235994}, "product": {"meanscore": 0.9990974534282898, "non_null": 0.0003381006767251282}}