{"estimate": {"benchmark": 5.253301346115987}, "product": {"meanscore": 0.9999999528609914, "non_null": 9.860577687703653e-09}}