{"estimate": {"benchmark": 4.105372585769288}, "product": {"meanscore": 0.9999792575676845, "non_null": 5.28516581566052e-06}}