{"estimate": {"benchmark": 1.7621233136010301}, "product": {"meanscore": 0.9221509423341032, "non_null": 0.04823030915524107}}