{"estimate": {"benchmark": 6.863959190129444}, "product": {"meanscore": 0.9999999999984569, "non_null": 8.881784197001252e-14}}