{"estimate": {"benchmark": 5.646180248046575}, "product": {"meanscore": 0.9999999971545286, "non_null": 4.788434093683236e-10}}