{"estimate": {"benchmark": 7.888534179364823}, "product": {"meanscore": 0.9999999999999998, "non_null": 0.0}}