{"estimate": {"benchmark": 3.616702626729198}, "product": {"meanscore": 0.9998152986255979, "non_null": 6.670132790720373e-05}}