{"estimate": {"benchmark": 4.704162599296466}, "product": {"meanscore": 0.9999975536670798, "non_null": 4.542209115498963e-07}}