{"estimate": {"benchmark": 5.473900076694071}, "product": {"meanscore": 0.9999999936942932, "non_null": 1.9790056260404754e-09}}