{"estimate": {"benchmark": 3.160153834015395}, "product": {"meanscore": 0.9982414899438359, "non_null": 0.0007809508587308667}}