{"estimate": {"benchmark": 7.3680953673016365}, "product": {"meanscore": 0.9999999999999504, "non_null": 3.3306690738754696e-15}}