{"estimate": {"benchmark": 3.7353891929799325}, "product": {"meanscore": 0.9998076033100277, "non_null": 6.122168118227744e-05}}