{"estimate": {"benchmark": 2.9416685556614772}, "product": {"meanscore": 0.9968343131139574, "non_null": 0.0013996384382006788}}