{"estimate": {"benchmark": 1.1581557882329243}, "product": {"meanscore": 0.8291023696737639, "non_null": 0.11355754545086705}}