{"estimate": {"benchmark": 7.592949638845803}, "product": {"meanscore": 0.9999999999999987, "non_null": 0.0}}