{"estimate": {"benchmark": 6.5592959524216505}, "product": {"meanscore": 0.9999999999935246, "non_null": 8.475442569988445e-13}}