{"estimate": {"benchmark": 6.5606075879184385}, "product": {"meanscore": 0.9999999999935645, "non_null": 8.504308368628699e-13}}