{"estimate": {"benchmark": 6.988049406611689}, "product": {"meanscore": 0.9999999999994141, "non_null": 3.275157922644212e-14}}