{"estimate": {"benchmark": 4.876461569763439}, "product": {"meanscore": 0.9999985447784079, "non_null": 2.7269991242917513e-07}}