{"estimate": {"benchmark": 3.281358392251167}, "product": {"meanscore": 0.9996549408482789, "non_null": 0.00018637026993717498}}