{"estimate": {"benchmark": 6.396511788920522}, "product": {"meanscore": 0.9999999999479862, "non_null": 2.6834090505190034e-12}}