{"estimate": {"benchmark": 4.26834671067849}, "product": {"meanscore": 0.9999920273932068, "non_null": 4.107166442279819e-06}}