{"estimate": {"benchmark": 6.8691667034085}, "product": {"meanscore": 0.9999999999947876, "non_null": 2.828848266744899e-13}}