{"estimate": {"benchmark": 0.7625241198612164}, "product": {"meanscore": 0.6995818615987721, "non_null": 0.23385074565153752}}