{"estimate": {"benchmark": 6.059298985152855}, "product": {"meanscore": 0.9999999998663809, "non_null": 3.584654795218967e-11}}