{"estimate": {"benchmark": 3.1749384321974055}, "product": {"meanscore": 0.9974432751474801, "non_null": 0.0008581016663467}}