{"estimate": {"benchmark": 1.834949864175054}, "product": {"meanscore": 0.9362373283347247, "non_null": 0.03606643107128327}}