{"estimate": {"benchmark": 6.734959626034118}, "product": {"meanscore": 0.9999999999935696, "non_null": 4.0312198024139434e-13}}