{"estimate": {"benchmark": 6.44077149279283}, "product": {"meanscore": 0.9999999998833062, "non_null": 5.266564961914355e-12}}