{"estimate": {"benchmark": 4.675338313890956}, "product": {"meanscore": 0.9999959430262879, "non_null": 8.254078923686237e-07}}