{"estimate": {"benchmark": 2.3434493245725903}, "product": {"meanscore": 0.9804109370425964, "non_null": 0.009584539553893157}}