{"estimate": {"benchmark": 0.6481652126030394}, "product": {"meanscore": 0.6299350506215347, "non_null": 0.26887095258308646}}