{"estimate": {"benchmark": 3.627824610965025}, "product": {"meanscore": 0.9996940276209385, "non_null": 0.00011510694024541301}}