{"estimate": {"benchmark": 5.7309873598425245}, "product": {"meanscore": 0.9999999928992085, "non_null": 1.307553620932822e-09}}