{"estimate": {"benchmark": 2.664510342326363}, "product": {"meanscore": 0.9956955558664629, "non_null": 0.0023920025850501236}}