{"estimate": {"benchmark": 1.718527734634242}, "product": {"meanscore": 0.9410240730787653, "non_null": 0.04172807291568659}}