{"estimate": {"benchmark": 2.8584939758550965}, "product": {"meanscore": 0.9965332895091646, "non_null": 0.0015924169304409874}}