{"estimate": {"benchmark": 4.26873993793268}, "product": {"meanscore": 0.9999920368600553, "non_null": 4.10988611831975e-06}}