{"estimate": {"benchmark": 6.5595102544267885}, "product": {"meanscore": 0.999999999993531, "non_null": 8.479883462086946e-13}}