{"estimate": {"benchmark": 3.644801323250769}, "product": {"meanscore": 0.9998010408638325, "non_null": 7.863899069038283e-05}}