{"estimate": {"benchmark": 7.613718048063281}, "product": {"meanscore": 0.9999999999999929, "non_null": 4.440892098500626e-16}}