{"estimate": {"benchmark": 6.55921048335958}, "product": {"meanscore": 0.9999999999942207, "non_null": 6.058487045379479e-13}}