{"estimate": {"benchmark": 2.7965719494632135}, "product": {"meanscore": 0.9947419575797068, "non_null": 0.001974588254631593}}