{"estimate": {"benchmark": 1.4865984711005822}, "product": {"meanscore": 0.9126503027472473, "non_null": 0.06495768313788364}}