{"estimate": {"benchmark": 4.649570527606109}, "product": {"meanscore": 0.9999978438868509, "non_null": 8.082369561401848e-07}}