{"estimate": {"benchmark": 1.098156507594408}, "product": {"meanscore": 0.7831828111475492, "non_null": 0.15362068756706104}}