{"estimate": {"benchmark": 5.9031901080300795}, "product": {"meanscore": 0.9999999981767049, "non_null": 2.797265752363387e-10}}