{"estimate": {"benchmark": 1.914050114742304}, "product": {"meanscore": 0.9442699365825499, "non_null": 0.030653144557044376}}