{"estimate": {"benchmark": 2.329102694426817}, "product": {"meanscore": 0.9838734320045417, "non_null": 0.007301684201281078}}