{"estimate": {"benchmark": 5.827852159059735}, "product": {"meanscore": 0.9999999988473219, "non_null": 1.1063394644850177e-10}}