{"estimate": {"benchmark": 3.2914987920692673}, "product": {"meanscore": 0.9988877107900281, "non_null": 0.00042226053337690583}}