{"estimate": {"benchmark": 5.53198785897359}, "product": {"meanscore": 0.9999999885669248, "non_null": 2.561008405344012e-09}}