{"estimate": {"benchmark": 6.507317969547793}, "product": {"meanscore": 0.9999999999921722, "non_null": 1.1124434706744069e-12}}