{"estimate": {"benchmark": 2.613011239202779}, "product": {"meanscore": 0.9955788162306374, "non_null": 0.003135897353295447}}