{"estimate": {"benchmark": 4.206019822555312}, "product": {"meanscore": 0.9999895304236613, "non_null": 4.756712874587343e-06}}