{"estimate": {"benchmark": 1.3291721363118398}, "product": {"meanscore": 0.8553914282514798, "non_null": 0.09319617514872369}}