{"estimate": {"benchmark": 7.591029172183092}, "product": {"meanscore": 0.9999999999999996, "non_null": 0.0}}