{"estimate": {"benchmark": 7.386111221492204}, "product": {"meanscore": 0.9999999999999819, "non_null": 1.1102230246251565e-15}}