{"estimate": {"benchmark": 7.709499120605281}, "product": {"meanscore": 0.9999999999999996, "non_null": 0.0}}