{"estimate": {"benchmark": 0.6185954293006395}, "product": {"meanscore": 0.6907862138285459, "non_null": 0.25084001049937155}}