{"estimate": {"benchmark": 2.034960311715236}, "product": {"meanscore": 0.9549166767067074, "non_null": 0.02515290045376073}}