{"estimate": {"benchmark": 0.6478167275814214}, "product": {"meanscore": 0.6298498473711538, "non_null": 0.26882886873299183}}