{"estimate": {"benchmark": 6.730832367438748}, "product": {"meanscore": 0.9999999999932436, "non_null": 4.036770917537069e-13}}