{"estimate": {"benchmark": 5.533335047330605}, "product": {"meanscore": 0.9999999886267975, "non_null": 2.5684445681406487e-09}}