{"estimate": {"benchmark": 2.1154364591041035}, "product": {"meanscore": 0.9672594542891622, "non_null": 0.015554753614179018}}