{"estimate": {"benchmark": 5.050232857713827}, "product": {"meanscore": 0.9999998738817975, "non_null": 4.024225030985207e-08}}