{"estimate": {"benchmark": 1.8351218289919926}, "product": {"meanscore": 0.9362516000476941, "non_null": 0.03607135593515143}}