{"estimate": {"benchmark": 1.7630513061206547}, "product": {"meanscore": 0.9222425031589473, "non_null": 0.04826362244106097}}