{"estimate": {"benchmark": 3.9557384041614068}, "product": {"meanscore": 0.9999778043332015, "non_null": 1.1205510451195444e-05}}