{"estimate": {"benchmark": 2.575696673556376}, "product": {"meanscore": 0.9898973602154574, "non_null": 0.004964636236511888}}