{"estimate": {"benchmark": 7.635936402343683}, "product": {"meanscore": 0.9999999999999991, "non_null": 1.1102230246251565e-16}}