{"estimate": {"benchmark": 5.278852400559137}, "product": {"meanscore": 0.9999999474297748, "non_null": 1.2865820742113954e-08}}