{"estimate": {"benchmark": 3.255441721598203}, "product": {"meanscore": 0.9995806056709386, "non_null": 0.0002476573023942885}}