{"estimate": {"benchmark": 1.9605382575332173}, "product": {"meanscore": 0.9292895830782653, "non_null": 0.03568308897813177}}