{"estimate": {"benchmark": 3.962477844671989}, "product": {"meanscore": 0.9999788993861185, "non_null": 6.50653402478607e-06}}