{"estimate": {"benchmark": 5.445565148206792}, "product": {"meanscore": 0.999999993720978, "non_null": 1.7599269819257302e-09}}