{"estimate": {"benchmark": 4.7845644815839075}, "product": {"meanscore": 0.9999996854649085, "non_null": 1.2313394903706865e-07}}