{"estimate": {"benchmark": 4.357341476844808}, "product": {"meanscore": 0.9999931136117572, "non_null": 3.4955278241932675e-06}}