{"estimate": {"benchmark": 4.357782868719344}, "product": {"meanscore": 0.9999931226941167, "non_null": 3.49816610434317e-06}}