{"estimate": {"benchmark": 1.9374731638933038}, "product": {"meanscore": 0.9483400574918959, "non_null": 0.0280591771956068}}