{"estimate": {"benchmark": 3.0962724516172133}, "product": {"meanscore": 0.9987966651032792, "non_null": 0.0007601596162458701}}