{"estimate": {"benchmark": 3.1623232508549517}, "product": {"meanscore": 0.99904828886774, "non_null": 0.0005018989360218162}}