{"estimate": {"benchmark": 5.277360937223521}, "product": {"meanscore": 0.9999999471464966, "non_null": 1.2825822515161178e-08}}