{"estimate": {"benchmark": 6.041430585949183}, "product": {"meanscore": 0.9999999997210216, "non_null": 6.239941896524215e-11}}