{"estimate": {"benchmark": 4.468811232879014}, "product": {"meanscore": 0.9999952176666522, "non_null": 1.0618172863186004e-06}}