{"estimate": {"benchmark": 6.222222506601529}, "product": {"meanscore": 0.9999999999278786, "non_null": 2.317446234911813e-11}}