{"estimate": {"benchmark": 7.341222889799358}, "product": {"meanscore": 0.999999999999957, "non_null": 2.220446049250313e-15}}