{"estimate": {"benchmark": 1.7014080367487647}, "product": {"meanscore": 0.8930672203262064, "non_null": 0.0629824942039483}}