{"estimate": {"benchmark": 6.645531750294369}, "product": {"meanscore": 0.9999999999941337, "non_null": 6.703526622686695e-13}}