{"estimate": {"benchmark": 6.396602907192355}, "product": {"meanscore": 0.9999999999480068, "non_null": 2.683964162031316e-12}}