{"estimate": {"benchmark": 5.8088115117878765}, "product": {"meanscore": 0.9999999992441051, "non_null": 1.6450674156232026e-10}}