{"estimate": {"benchmark": 5.86753329921188}, "product": {"meanscore": 0.9999999991276914, "non_null": 2.310927005311214e-10}}