{"estimate": {"benchmark": 5.322499866968636}, "product": {"meanscore": 0.999999965580277, "non_null": 6.507973049352245e-09}}