{"estimate": {"benchmark": 1.8341466712054713}, "product": {"meanscore": 0.9361719419678343, "non_null": 0.03604322093464829}}