{"estimate": {"benchmark": 7.472864902549776}, "product": {"meanscore": 0.9999999999999895, "non_null": 7.771561172376096e-16}}