{"estimate": {"benchmark": 5.4944914645863445}, "product": {"meanscore": 0.9999999841023816, "non_null": 4.36764957534308e-09}}