{"estimate": {"benchmark": 2.705251545326109}, "product": {"meanscore": 0.9924119848495445, "non_null": 0.0034846269729937873}}