{"estimate": {"benchmark": 3.9456859364133408}, "product": {"meanscore": 0.999976142773735, "non_null": 1.3911230844376732e-05}}