{"estimate": {"benchmark": 7.229168636172832}, "product": {"meanscore": 0.9999999999998719, "non_null": 7.327471962526033e-15}}