{"estimate": {"benchmark": 1.953015336829461}, "product": {"meanscore": 0.9734075675152674, "non_null": 0.020391195600028666}}