{"estimate": {"benchmark": 5.940693430129966}, "product": {"meanscore": 0.9999999984200241, "non_null": 8.042055910095769e-11}}