{"estimate": {"benchmark": 4.655626479928959}, "product": {"meanscore": 0.9999979190406098, "non_null": 8.060758437400395e-07}}