{"estimate": {"benchmark": 3.312957539066058}, "product": {"meanscore": 0.9994295945264162, "non_null": 0.0002776321726235542}}