{"estimate": {"benchmark": 3.9840586603829298}, "product": {"meanscore": 0.9999740811225006, "non_null": 7.809497704514001e-06}}