{"estimate": {"benchmark": 2.5828772352494247}, "product": {"meanscore": 0.9908573720757017, "non_null": 0.003820505954357567}}