{"estimate": {"benchmark": 2.7978121986379745}, "product": {"meanscore": 0.9957000275950393, "non_null": 0.001785751225414689}}