{"estimate": {"benchmark": 3.788542583410876}, "product": {"meanscore": 0.9999607470428648, "non_null": 2.0426349739643967e-05}}