{"estimate": {"benchmark": 3.159818824108172}, "product": {"meanscore": 0.9982402001251973, "non_null": 0.0007806301371804381}}