{"estimate": {"benchmark": 1.959462989350276}, "product": {"meanscore": 0.9291902732687375, "non_null": 0.03565296347199598}}