{"estimate": {"benchmark": 3.706653371293514}, "product": {"meanscore": 0.9999483816971703, "non_null": 2.3636886403499702e-05}}