{"estimate": {"benchmark": 2.561094291330827}, "product": {"meanscore": 0.9895664082828171, "non_null": 0.005011989391125571}}