{"estimate": {"benchmark": 5.03526471290697}, "product": {"meanscore": 0.9999998182327205, "non_null": 5.2221521107398416e-08}}