{"estimate": {"benchmark": 6.059061663885597}, "product": {"meanscore": 0.9999999998662387, "non_null": 3.582645291544395e-11}}