{"estimate": {"benchmark": 0.8693910569044552}, "product": {"meanscore": 0.7308195474174659, "non_null": 0.1893331075317921}}