{"estimate": {"benchmark": 3.5129110744818006}, "product": {"meanscore": 0.9997699316387011, "non_null": 0.00011747777729409492}}