{"estimate": {"benchmark": 2.400895230009997}, "product": {"meanscore": 0.9863678328278697, "non_null": 0.0065546142943873065}}