{"estimate": {"benchmark": 5.495316963149429}, "product": {"meanscore": 0.9999999841536811, "non_null": 4.375249051946639e-09}}