{"estimate": {"benchmark": 2.7951601450978396}, "product": {"meanscore": 0.9947277600440935, "non_null": 0.001971390649372351}}