{"estimate": {"benchmark": 2.595787068956283}, "product": {"meanscore": 0.9962799193072525, "non_null": 0.0028000401840868605}}