{"estimate": {"benchmark": 2.3450014726038324}, "product": {"meanscore": 0.9781551991123957, "non_null": 0.010725306913638266}}