{"estimate": {"benchmark": 4.268794220927294}, "product": {"meanscore": 0.9999920381786083, "non_null": 4.11025995783465e-06}}