{"estimate": {"benchmark": 7.823078850399885}, "product": {"meanscore": 0.9999999999999998, "non_null": 0.0}}