{"estimate": {"benchmark": 3.9339265675202797}, "product": {"meanscore": 0.9999748535663352, "non_null": 1.4004420595958855e-05}}