{"estimate": {"benchmark": 1.728167949345808}, "product": {"meanscore": 0.9441612214079972, "non_null": 0.037798253005565496}}