{"estimate": {"benchmark": 1.3651118087914735}, "product": {"meanscore": 0.8606651933971997, "non_null": 0.09035742176640371}}