{"estimate": {"benchmark": 3.933895071625909}, "product": {"meanscore": 0.999974851281983, "non_null": 1.4003722803357377e-05}}