{"estimate": {"benchmark": 4.008295312563588}, "product": {"meanscore": 0.9999717060123695, "non_null": 9.62959872541358e-06}}