{"estimate": {"benchmark": 2.3161236445571918}, "product": {"meanscore": 0.9812953350818548, "non_null": 0.008709099147943489}}