{"estimate": {"benchmark": 3.6638363033772756}, "product": {"meanscore": 0.9999390119690482, "non_null": 2.7037024857401448e-05}}