{"estimate": {"benchmark": 5.2629739114445435}, "product": {"meanscore": 0.9999999568745755, "non_null": 7.862508311085037e-09}}