{"estimate": {"benchmark": 6.49929063730334}, "product": {"meanscore": 0.9999999999720046, "non_null": 1.865840815185038e-12}}