{"estimate": {"benchmark": 4.351669441627144}, "product": {"meanscore": 0.9999961840784722, "non_null": 1.766943588110692e-06}}