{"estimate": {"benchmark": 1.567815155434841}, "product": {"meanscore": 0.8758693497962937, "non_null": 0.07311909204330047}}