{"estimate": {"benchmark": 6.2895243606341875}, "product": {"meanscore": 0.9999999999344742, "non_null": 1.8230528198159845e-11}}