{"estimate": {"benchmark": 1.7448935930290286}, "product": {"meanscore": 0.9135652808865481, "non_null": 0.05270923637723668}}