{"estimate": {"benchmark": 6.734687268420148}, "product": {"meanscore": 0.9999999999935614, "non_null": 4.027889133340068e-13}}