{"estimate": {"benchmark": 2.599850200260637}, "product": {"meanscore": 0.9903119402415638, "non_null": 0.004322301763047709}}