{"estimate": {"benchmark": 4.829796680081944}, "product": {"meanscore": 0.9999975589495171, "non_null": 3.3581978664543044e-07}}