{"estimate": {"benchmark": 6.971367512193367}, "product": {"meanscore": 0.9999999999994998, "non_null": 2.2537527399890678e-14}}