{"estimate": {"benchmark": 4.989197144470876}, "product": {"meanscore": 0.9999997845174324, "non_null": 7.196084383931378e-08}}