{"estimate": {"benchmark": 7.2296776474332844}, "product": {"meanscore": 0.9999999999998721, "non_null": 7.327471962526033e-15}}