{"estimate": {"benchmark": 7.6144244063826685}, "product": {"meanscore": 0.9999999999999979, "non_null": 1.1102230246251565e-16}}