{"estimate": {"benchmark": 6.265394223219297}, "product": {"meanscore": 0.9999999999371693, "non_null": 1.1395218102450144e-11}}