{"estimate": {"benchmark": 7.383389110606694}, "product": {"meanscore": 0.9999999999999434, "non_null": 4.6629367034256575e-15}}