{"estimate": {"benchmark": 5.731004817672405}, "product": {"meanscore": 0.9999999928997131, "non_null": 1.307602803812813e-09}}