{"estimate": {"benchmark": 0.674405575512042}, "product": {"meanscore": 0.6445824649970718, "non_null": 0.25587867963022437}}