{"estimate": {"benchmark": 1.366466443339835}, "product": {"meanscore": 0.8608669704495026, "non_null": 0.09043681124347891}}