{"estimate": {"benchmark": 1.549416901221206}, "product": {"meanscore": 0.8727029989836195, "non_null": 0.0741723857942973}}